,Date,Title,Url
0,2016-01-06,JW중외제약가드렛꾸준한혈당관리로당뇨잡는다,http://news.mk.co.kr/newsRead.php?no=11628&year=2016
1,2016-01-06,생생코스피JW중외제약바이오주순풍타고장초반상한가,http://news.heraldcorp.com/view.php?ud=20160106000243
2,2016-01-08,JW중외제약초기부터퍼스트인클래스타깃발굴초점,http://www.yakup.com/news/index.html?mode=view&cat=12&nid=192151
3,2016-01-11,JW중외제약DPP4억제제복합제경쟁마지막합류,http://medipana.com/news/news_viewer.asp?NewsNum=176769&MainKind=A&NewsKind=5&vCount=12&vKind=1
4,2016-01-19,JW중외제약도리페넴국내최초특허회피성공,http://medipana.com/news/news_viewer.asp?NewsNum=177126&MainKind=A&NewsKind=5&vCount=12&vKind=1
5,2016-01-19,JW중외제약국내최초도리페넴특허회피성공,http://www.bosa.co.kr/umap/sub.asp?news_pk=598988
6,2016-01-25,JW중외제약하면수액이지만α더해져야,http://www.bosa.co.kr/umap/sub.asp?news_pk=599164
7,2016-01-25,JW중외제약한성권사장플랜트수출성사원외강화,http://www.yakup.com/news/index.html?mode=view&cat=12&nid=192709
8,2016-01-26,면역항암치료수혜주JW중외제약녹십자셀등주목현대증권,http://www.etoday.co.kr/news/section/newsview.php?idxno=1276680
9,2016-01-27,JW중외제약만성콩팥병환자를위한시식행사개최,http://www.kpanews.co.kr/article/show.asp?idx=170774&table=article&category=D
10,2016-01-27,JW중외제약만성콩팥병환자식이요법이렇게하세요”,http://www.mdtoday.co.kr/mdtoday/index.html?no=264237
11,2016-01-27,JW중외제약만성콩팥병환자위한시식행사,http://www.bosa.co.kr/umap/sub.asp?news_pk=599315
12,2016-01-27,JW중외제약만성콩팥병환자위한시식행사진행,http://medipana.com/news/news_viewer.asp?NewsNum=177492&MainKind=A&NewsKind=5&vCount=12&vKind=1
13,2016-01-27,JW중외제약만성콩팥병환자위한저단백환자식시식행사개최,http://news.kukinews.com/article/view.asp?arcid=0010297699&code=41141611&cp=nv
14,2016-01-28,JW중외제약만성콩팥병환자전용식품도입,http://www.docdocdoc.co.kr/news/newsview.php?newscd=2016012800013
15,2016-01-29,JW중외제약리바로정1mg품절,http://www.kpanews.co.kr/article/show.asp?idx=170834&table=article&category=D
16,2016-01-29,JW중외제약친환경염색약창포설맞이이벤트,http://www.kpanews.co.kr/article/show.asp?idx=170853&table=article&category=D
17,2016-02-02,JW중외제약1월의약품허가낸제약81곳중최다,http://www.kpanews.co.kr/article/show.asp?idx=170912&table=article&category=C
18,2016-02-03,JW중외제약염색약창포천연재료사용두피건강지켜줘,http://news.mk.co.kr/newsRead.php?no=96129&year=2016
19,2016-02-03,JW중외제약설연휴반납해외봉사,https://news.naver.com/main/read.nhn?mode=LSD&mid=sec&sid1=102&oid=011&aid=0002796743
20,2016-02-04,JW중외제약직원들설연휴반납하고해외봉사,http://www.monews.co.kr/news/articleView.html?idxno=89068
21,2016-02-04,JW중외제약설연휴해외봉사활동실시,http://www.wowtv.co.kr/news/vodnews/view2.asp?bcode=T07010000&vodnum=246927
22,2016-02-04,JW중외제약한성권대표중복된약가인하제도개선”호소,http://news1.kr/articles/?2566009
23,2016-02-10,JW중외제약네오다트출시탈모치료제시장공략강화,http://www.ekn.kr/news/article.html?no=199836
24,2016-02-17,JW중외제약제23회서울시약사대상강응구서울시약사회대의원등4명선정,http://news.kukinews.com/article/view.asp?arcid=0010363245&code=41141411&cp=nv
25,2016-02-17,JW중외제약서울시약사대상수상자선정,http://www.bosa.co.kr/umap/sub.asp?news_pk=599901
26,2016-02-17,JW중외제약제23회서울시약사대상수상자선정,http://www.yakup.com/news/index.html?mode=view&cat=12&nid=193298
27,2016-02-17,JW중외제약23회서울시약사대상수상자선정,http://www.docdocdoc.co.kr/news/newsview.php?newscd=2016021700014
28,2016-02-17,JW중외제약제23회서울시약사대상수상자선정,http://medipana.com/news/news_viewer.asp?NewsNum=178144&MainKind=A&NewsKind=5&vCount=12&vKind=1
29,2016-02-17,JW중외제약제23회서울시약사대상수상자선정,http://www.kpanews.co.kr/article/show.asp?idx=171222&table=article&category=D
30,2016-02-23,환절기건강JW중외제약프렌즈시리즈포도당통해안구영양공급프리미엄점안제,http://www.fnnews.com/news/201602231826516969
31,2016-02-24,JW중외제약안구건조해소엔인공눈물프렌즈,http://www.ajunews.com/view/20160222212236904
32,2016-02-25,10대제약사신약도전1위종근당10위JW중외제약,http://www.wowtv.co.kr/newscenter/news/view.asp?bcode=T30001000&artid=A201602250203
33,2016-02-25,JW중외제약보통주150원종류주175원현금배당결정,http://www.newsis.com/ar_detail/view.html?ar_id=NISX20160225_0013919644&cID=10401&pID=10400
34,2016-02-25,공시JW중외제약보통주1주당150원현금배당,http://www.wowtv.co.kr/newscenter/news/view.asp?bcode=T30001000&artid=A201602250374
35,2016-02-25,JW중외제약보통주150원우량주175원현금배당결정,http://www.viva100.com/main/view.php?key=20160225010007231
36,2016-02-25,JW중외제약지난해영업이익217억전년比209↑,http://www.mt.co.kr/view/mtview.php?type=1&no=2016022514103091968&outlink=1
37,2016-02-25,JW중외제약보통주1주당150원현금배당결정,http://www.etoday.co.kr/news/section/newsview.php?idxno=1294497
38,2016-02-25,JW중외제약지난해영업이익217억전년比20↑,http://www.newsis.com/ar_detail/view.html?ar_id=NISX20160225_0013919679&cID=10401&pID=10400
39,2016-02-25,JW중외제약작년연결영업익217억원20↑,http://app.yonhapnews.co.kr/YNA/Basic/SNS/r.aspx?c=AKR20160225121900008&did=1195m
40,2016-02-25,JW중외제약작년영업익217억전년비20↑,http://www.edaily.co.kr/news/newspath.asp?newsid=03283286612554128
41,2016-02-25,JW중외제약보통주1주당150원종류주1주당175원현금배당결정,http://biz.chosun.com/site/data/html_dir/2016/02/25/2016022501934.html
42,2016-02-25,JW중외제약2015년영업익217억전년비20↑,http://stock.hankyung.com/news/app/newsview.php?aid=2016022551806
43,2016-02-25,공시JW중외제약지난해영업익217억전년비2009↑,http://www.wowtv.co.kr/newscenter/news/view.asp?bcode=T30001000&artid=A201602250389
44,2016-02-25,JW중외제약작년영업익217억전년比201↑,http://www.mt.co.kr/view/mtview.php?type=1&no=2016022514163183195&outlink=1
45,2016-02-25,생생코스피JW중외제약보통주150원종류주175원현금배당결정,http://news.heraldcorp.com/view.php?ud=20160225000777
46,2016-02-25,JW중외제약2015년영업익217억전년비201증가1보,http://biz.chosun.com/site/data/html_dir/2016/02/25/2016022502012.html
47,2016-02-25,JW중외제약2015년매출액4344억전년비52증가2보,http://biz.chosun.com/site/data/html_dir/2016/02/25/2016022502017.html
48,2016-02-25,JW중외제약보통주150원종류주175원현금배당결정,http://view.asiae.co.kr/news/view.htm?idxno=2016022514401780251
49,2016-02-25,JW중외제약작년영업이익217억원전년比20↑,http://www.viva100.com/main/view.php?key=20160225010007272
50,2016-02-25,JW중외제약지난해영업익217억원전년比2009↑,http://view.asiae.co.kr/news/view.htm?idxno=2016022514432204812
51,2016-02-25,JW중외제약지난해영업익217억원전년比20↑,http://www.newspim.com/news/view/20160225000285
52,2016-02-25,JW중외제약지난해영업익217억원전년比20↑,http://www.newspim.com/news/view/20160225000285
53,2016-02-25,JW중외제약52성장한4343억매출달성,http://medipana.com/news/news_viewer.asp?NewsNum=178533&MainKind=A&NewsKind=5&vCount=12&vKind=1
54,2016-02-25,공시JW중외제약지난해영업익217억원전년比20↑,http://www.newsway.co.kr/view.php?tp=1&ud=2016022514502684920
55,2016-02-25,공시JW중외제약보통주150원종류주175원현금배당결정,http://www.newsway.co.kr/view.php?tp=1&ud=2016022514524291926
56,2016-02-25,JW중외제약작년연결영업익217억원전년비20↑,http://www.cstimes.com/news/articleView.html?idxno=206849
57,2016-02-25,JW중외제약작년연결영업익218억전년비2009↑,http://www.ajunews.com/view/20160225144745887
58,2016-02-25,공시JW중외제약보통주150원종류주175원현금배당결정,http://www.ajunews.com/view/20160225150126932
59,2016-02-25,JW중외제약주당150원현금배당결정,http://www.edaily.co.kr/news/newspath.asp?newsid=03496486612554128
60,2016-02-25,JW중외제약작년영업익217억전년比201↑,http://www.edaily.co.kr/news/newspath.asp?newsid=03539126612554128
61,2016-02-25,JW중외제약2015년매출액4344억영업익217억영양수액제등실적향상종합,http://biz.chosun.com/site/data/html_dir/2016/02/25/2016022502346.html
62,2016-02-25,JW중외제약3월주총서한성권대표사내이사신규선임,http://www.edaily.co.kr/news/newspath.asp?newsid=03765446612554128
63,2016-02-25,JW중외제약지난해영업이익217억원전년比20증가,http://news1.kr/articles/?2585128
64,2016-02-25,유가증권시장공시하나금융지주JW중외제약,http://news.mk.co.kr/newsRead.php?no=151119&year=2016
65,2016-02-25,JW중외제약작년영업익217억전년比20↑,http://www.rapportian.com/n_news/news/view.html?no=25899
66,2016-02-25,JW중외제약지난해영업익217억원전년비20증가,http://www.wowtv.co.kr/newscenter/news/view.asp?bcode=T30001000&artid=A201602250615
67,2016-02-29,다시뛰는기업들JW중외제약,http://www.segye.com/content/html/2016/02/28/20160228001764.html?OutUrl=naver
68,2016-03-02,JW중외제약최대주주친인척1410주장내매수,http://www.viva100.com/main/view.php?key=20160302010000526
69,2016-03-03,JW중외제약복합기능성건강식품그린마더스엽산출시,http://www.yakup.com/news/index.html?mode=view&cat=12&nid=193678
70,2016-03-03,JW중외제약복합기능성건강식품그린마더스엽산출시,http://view.asiae.co.kr/news/view.htm?idxno=2016030310123114885
71,2016-03-03,JW중외제약복합기능성건강식품그린마더스엽산출시,http://www.enewstoday.co.kr/news/articleView.html?idxno=493777
72,2016-03-03,JW중외제약건강한출산위한그린마더스엽산출시,http://www.ekn.kr/news/article.html?no=204355
73,2016-03-03,JW중외제약복합건기식그린마더스엽산출시,http://medipana.com/news/news_viewer.asp?NewsNum=178763&MainKind=A&NewsKind=5&vCount=12&vKind=1
74,2016-03-03,JW중외제약엽산보충건강식품그린마더스엽산출시,http://www.newsis.com/ar_detail/view.html?ar_id=NISX20160303_0013933694&cID=10201&pID=10200
75,2016-03-03,JW중외제약복합기능건식그린마더스엽산,http://www.bosa.co.kr/umap/sub.asp?news_pk=600458
76,2016-03-03,JW중외제약엽산보충건강식품그린마더스엽산내놔,http://www.nspna.com/news/?mode=view&newsid=162244
77,2016-03-03,가임기여성면역력증진에굿JW중외제약그린마더스엽산출시,http://biz.heraldcorp.com/view.php?ud=20160303000587
78,2016-03-03,신제품JW중외제약복합기능성건강기능식품그린마더스엽산,http://news.kukinews.com/article/view.asp?arcid=0010415747&code=41141611&cp=nv
79,2016-03-03,JW중외제약여성면역력증진위한엽산제품출시,http://www.wowtv.co.kr/newscenter/news/view.asp?bcode=T30001000&artid=A201603030271
80,2016-03-03,JW중외제약엽산보충용건기식그린마더스엽산출시,http://www.mt.co.kr/view/mtview.php?type=1&no=2016030310254972187&outlink=1
81,2016-03-03,JW중외제약복합기능성건강식품그린마더스엽산출시,http://www.dt.co.kr/contents.html?article_no=2016030302109976029003
82,2016-03-03,JW중외제약복합기능성건기식그린마더스엽산출시,http://www.fnnews.com/news/201603031428439390
83,2016-03-03,JW중외제약복합기능성건강식품그린마더스엽산출시,http://www.asiatoday.co.kr/view.php?key=20160303010001931
84,2016-03-03,JW중외제약유산균엽산복합건강기능식출시,http://www.newspim.com/news/view/20160303000151
85,2016-03-03,JW중외제약엽산보충용건강기능식품그린마더스엽산출시,http://www.mdtoday.co.kr/mdtoday/index.html?no=265599
86,2016-03-03,JW중외제약복합기능성건강식품그린마더스엽산출시,http://mbn.mk.co.kr/pages/news/newsView.php?category=mbn00003&news_seq_no=2806320
87,2016-03-04,JW중외제약건강식품그린마더스엽산출시,http://www.docdocdoc.co.kr/news/newsview.php?newscd=2016030400009
88,2016-03-04,JW중외제약유산균과엽산동시에섭취가능한건강기능식품출시,http://news.kukinews.com/article/view.asp?arcid=0010419768&code=46111501&cp=nv
89,2016-03-07,JW중외제약그린마더스엽산출시,http://www.ajunews.com/view/20160307085236054
90,2016-03-14,원조혁신제약사JW중외제약부작용작은만성당뇨치료제가드렛출시,http://news.mk.co.kr/newsRead.php?no=191377&year=2016
91,2016-03-18,JW중외제약그룹사사명서중외뗀다,http://app.yonhapnews.co.kr/YNA/Basic/SNS/r.aspx?c=AKR20160318131400017&did=1195m
92,2016-03-18,JW중외제약한성권사장재선임,http://www.kpanews.co.kr/article/show.asp?idx=172052&table=article&category=D
93,2016-03-19,JW중외제약그룹사사명서중외뗀다,https://cnbc.sbs.co.kr/article_hub/10000791510?division=NAVER
94,2016-03-20,JW중외제약가드렛한국인에최적화된당뇨치료제로각광,http://news.kmib.co.kr/article/view.asp?arcid=0923464267&code=14130000&cp=nv
95,2016-03-21,JW중외제약그룹사사명서중외없앤다,http://www.medicaltimes.com/News/1103387
96,2016-03-23,JW홀딩스JW중외제약제구차에400억채무보증,http://www.newsis.com/ar_detail/view.html?ar_id=NISX20160323_0013976969&cID=10401&pID=10400
97,2016-03-23,JW홀딩스JW중외제약관련400억채무보증결정,http://www.edaily.co.kr/news/newspath.asp?newsid=03903206612586272
98,2016-03-27,신제품JW중외제약가르시니아맥류약엽출시,http://www.newsis.com/ar_detail/view.html?ar_id=NISX20160327_0013983832&cID=10401&pID=10400
99,2016-03-27,JW중외제약복합기능성다이어트식품출시,http://www.fnnews.com/news/201603271005260151
100,2016-03-27,JW중외제약다이어트식품가르시니아맥류약엽출시,http://www.mt.co.kr/view/mtview.php?type=1&no=2016032710070781380&outlink=1
101,2016-03-27,JW중외제약가르시니아맥류약엽출시,http://www.enewstoday.co.kr/news/articleView.html?idxno=507002
102,2016-03-27,JW중외제약체지방감소돕는가르시니아맥류약엽출시,http://www.ajunews.com/view/20160327104325556
103,2016-03-27,JW중외제약다이어트식품가르시니아맥류약엽출시,http://www.mdtoday.co.kr/mdtoday/index.html?no=266487
104,2016-03-27,JW중외제약기능성다이어트식품출시,http://www.medical-tribune.co.kr/news/articleView.html?idxno=66896
105,2016-03-27,JW중외제약가르니시아맥류약엽출시,http://www.finomy.com/news/articleView.html?idxno=34757
106,2016-03-27,JW중외제약체지방감소건강기능식품출시,http://biz.chosun.com/site/data/html_dir/2016/03/27/2016032700518.html
107,2016-03-27,JW중외제약다이어트건강식내놔,http://www.newspim.com/news/view/20160327000055
108,2016-03-27,JW중외제약다이어트식품가르시니아맥류약엽출시,http://www.yakup.com/news/index.html?mode=view&cat=12&nid=194278
109,2016-03-27,JW중외제약다이어트식품가르시니아맥류약엽출시,http://www.dt.co.kr/contents.html?article_no=2016032702109976029004
110,2016-03-27,JW중외제약체지방감소건강기능식품출시,http://www.fnnews.com/news/201603271757433708
111,2016-03-27,JW중외제약복합기능성다이어트식품출시,http://www.dailymedi.com/detail.php?number=804528&thread=22r07
112,2016-03-28,JW중외제약다이어트식품가르시니아맥류약엽출시,http://medipana.com/news/news_viewer.asp?NewsNum=179874&MainKind=A&NewsKind=5&vCount=12&vKind=1
113,2016-03-28,JW중외제약다이어트식품가르시니아맥류약엽,http://www.bosa.co.kr/umap/sub.asp?news_pk=601413
114,2016-03-28,체지방감소에피부건강까지”JW중외제약가르시니아맥류약엽출시,http://news.heraldcorp.com/view.php?ud=20160328000054
115,2016-03-28,JW중외제약다이어트식품시장본격진출,http://www.newsway.co.kr/view.php?tp=1&ud=2016032808392291736
116,2016-03-28,JW중외제약다이어트식품가르시니아맥류약엽출시,http://www.kpanews.co.kr/article/show.asp?idx=172281&table=article&category=D
117,2016-03-28,신제품JW중외제약가르시니아맥류약엽,http://news.kukinews.com/article/view.asp?arcid=0010483554&code=46111901&cp=nv
118,2016-03-28,JW중외제약체지방감소식품가르시니아맥류약엽내놔,http://www.nspna.com/news/?mode=view&newsid=165762
119,2016-03-29,제약소식JW중외제약다이어트식품가르시니아맥류약엽출시,http://www.viva100.com/main/view.php?key=20160329010008690
120,2016-03-31,JW중외제약제39회의약사평론가전병을교수등4명선정,http://www.g-enews.com/ko-kr/news/article/news_all/201603311201362176141_1/article.html
121,2016-03-31,JW중외제약제39회의약사평론가선정,http://www.kpanews.co.kr/article/show.asp?idx=172444&table=article&category=D
122,2016-03-31,JW중외제약전병율차의과대학교수등의약사평론가로선정,http://view.asiae.co.kr/news/view.htm?idxno=2016033113301763270
123,2016-03-31,JW중외제약제39회의약사평론가선정,http://medipana.com/news/news_viewer.asp?NewsNum=180115&MainKind=A&NewsKind=5&vCount=12&vKind=1
124,2016-03-31,JW중외제약제39회의약사평론가선정,http://www.joseilbo.com/news/news_read.php?uid=290750&class=27&grp=
125,2016-03-31,JW중외제약의약사평론가수상자선정,http://www.newsway.co.kr/view.php?tp=1&ud=2016033113585195140
126,2016-03-31,JW중외제약39회의약사평론가4명선정,http://www.wowtv.co.kr/newscenter/news/view.asp?bcode=T30001000&artid=A201603310262
127,2016-03-31,JW중외제약제39회의•약사평론가선정,http://www.yakup.com/news/index.html?mode=view&cat=12&nid=194440
128,2016-03-31,JW중외제약제39회의약사평론가선정,http://www.newstomato.com/ReadNews.aspx?no=640445
129,2016-03-31,JW중외제약제39회의약사평론가,http://www.medical-tribune.co.kr/news/articleView.html?idxno=66974
130,2016-03-31,JW중외제약제39회의약사평론가전병율차의과대학교수등4명선정,http://news.kukinews.com/article/view.asp?arcid=0010494490&code=41171911&cp=nv
131,2016-03-31,JW중외제약의약사평론가최종4명선발,http://www.nspna.com/news/?mode=view&newsid=166457
132,2016-03-31,JW중외제약의약사평론가수상자에전병율차의과대학교수등4명선정,http://www.mdtoday.co.kr/mdtoday/index.html?no=266671
133,2016-03-31,신제품JW중외제약클로렐라플레티넘,http://news.kukinews.com/article/view.asp?arcid=0010494782&code=46111901&cp=nv
134,2016-03-31,JW중외제약면역력향상클로렐라플레티넘출시,http://stock.hankyung.com/news/app/newsview.php?aid=2016033168036
135,2016-03-31,JW중외제약면역력향상건강기능식품클로렐라플레티넘출시,http://www.g-enews.com/ko-kr/news/article/news_all/201603311559262749166_1/article.html
136,2016-03-31,JW중외제약HCT그룹과독점판매계약체결경쟁력강화나서,http://sports.khan.co.kr/news/sk_index.html?cat=view&art_id=201603311633013&sec_id=561901&pt=nv
137,2016-03-31,JW중외제약복합소화제위엔젤마케팅강화,http://www.enewstoday.co.kr/news/articleView.html?idxno=509685
138,2016-03-31,JW중외제약창포제품라인강화,http://www.nextdaily.co.kr/news/article.html?id=20160331800061
139,2016-03-31,JW중외제약면역력증진클로렐라플레티넘선봬,http://www.nspna.com/news/?mode=view&newsid=166537
140,2016-03-31,JW중외제약환절기맞아뉴먼트판촉강화,http://www.metroseoul.co.kr/news/newsview?newscd=2016033100131
141,2016-03-31,JW중외제약모발케어브랜드창포마케팅본격화,http://www.wowtv.co.kr/newscenter/news/view.asp?bcode=T30001000&artid=A201603310478
142,2016-03-31,Biz톡톡JW중외제약염색약창포시리즈새치커버력개선,http://www.seoulfn.com/news/articleView.html?idxno=249281
143,2016-03-31,국세청JW중외제약세무조사착수이유는,http://www.dailian.co.kr/news/view/565188/?sc=naver
144,2016-03-31,황사철눈보호JW중외제약프렌즈아이드롭으로,http://www.mediapen.com/news/view/136811
145,2016-03-31,JW중외제약면역력향상건강기능식품클로렐라플레티넘출시,http://www.fnnews.com/news/201603311844503923
146,2016-04-01,JW중외제약의약사평론가에전병률교수등4명선정,http://www.ajunews.com/view/20160331152558797
147,2016-04-01,JW중외제약한발빠른다이어트제품출시로여름겨냥시작,http://www.ajunews.com/view/20160331162023926
148,2016-04-01,JW중외제약제39회의약사평론가선정,http://www.enewstoday.co.kr/news/articleView.html?idxno=509932
149,2016-04-01,JW중외제약클로렐라플레티넘출시유해물질배출효과,http://www.enewstoday.co.kr/news/articleView.html?idxno=509936
150,2016-04-01,JW중외제약면역력향상클로렐라플레티넘출시,http://medipana.com/news/news_viewer.asp?NewsNum=180162&MainKind=A&NewsKind=5&vCount=12&vKind=1
151,2016-04-01,면역력향상에좋아요JW중외제약클로렐라플레티넘출시,http://news.heraldcorp.com/view.php?ud=20160401000145
152,2016-04-01,JW중외제약면역력향상클로렐라플레티넘,http://www.bosa.co.kr/umap/sub.asp?news_pk=601653
153,2016-04-01,JW중외제약남성용영양제뉴먼트K마케팅강화,http://www.cnews.co.kr/uhtml/read.jsp?idxno=201604011002559123699
154,2016-04-01,JW중외제약DPP4가드렛런칭심포지엄개최,http://medipana.com/news/news_viewer.asp?NewsNum=180178&MainKind=A&NewsKind=5&vCount=12&vKind=1
155,2016-04-01,JW중외제약가드렛런칭심포지엄성료,http://www.dailymedi.com/detail.php?number=804743&thread=22r05
156,2016-04-01,JW중외제약만성콩팥병환자식생활관리이렇게하세요”,http://www.mdtoday.co.kr/mdtoday/index.html?no=266719
157,2016-04-01,JW중외제약순수한비타민C분말3000판촉강화,http://news.heraldcorp.com/view.php?ud=20160401000629
158,2016-04-01,JW중외제약만성콩팥병환자시식행사,http://www.dt.co.kr/contents.html?article_no=2016040102109976029005
159,2016-04-01,JW중외제약복합기능성다이어트식품출시,http://www.sedaily.com/NewsView/1KUVARYESX
160,2016-04-04,JW중외제약실적성장에도현금유입은감소,http://www.mt.co.kr/view/mtview.php?type=1&no=2016040308495836203&outlink=1
161,2016-04-04,JW중외제약순수한비타민C분말3000마케팅강화,http://www.dt.co.kr/contents.html?article_no=2016040402109976029001
162,2016-04-04,JW중외제약순수한비타민C분말3000판촉강화,http://www.mdtoday.co.kr/mdtoday/index.html?no=266801
163,2016-04-04,JW중외제약온가족비타민A츄어블출시,http://www.bosa.co.kr/umap/sub.asp?news_pk=601748
164,2016-04-04,JW중외제약온가족비타민A츄어블출시,http://www.mdtoday.co.kr/mdtoday/index.html?no=266811
165,2016-04-05,JW중외제약눈건강온가족비타민A츄어블출시,http://www.yakup.com/news/index.html?mode=view&cat=12&nid=194541
166,2016-04-08,JW중외제약면역력증진클로렐라플레티넘출시,http://www.mdtoday.co.kr/mdtoday/index.html?no=267006
167,2016-04-10,JW중외제약고대구로병원서만성콩팥병환자위한시식행사진행,http://www.mdtoday.co.kr/mdtoday/index.html?no=267033
168,2016-04-18,JW중외제약제20회JW중외학술대상후원,http://www.yakup.com/news/index.html?mode=view&cat=12&nid=194889
169,2016-04-18,JW중외제약리바로영국MHRA서당뇨병안전성공인,http://www.fnnews.com/news/201604180857552127
170,2016-04-18,JW중외제약리바로영국MHRA당뇨병안전성공인,http://www.yakup.com/news/index.html?mode=view&cat=12&nid=194892
171,2016-04-18,JW중외제약리바로영국MHRA당뇨병안전성공인,http://medipana.com/news/news_viewer.asp?NewsNum=180877&MainKind=A&NewsKind=5&vCount=12&vKind=1
172,2016-04-18,JW중외제약리바로영국MHRA서당뇨병안전성공인받아,http://www.g-enews.com/ko-kr/news/article/news_all/201604180920421905518_1/article.html
173,2016-04-18,JW중외제약리바로영국MHRA당뇨병안전성공인,http://stock.hankyung.com/news/app/newsview.php?aid=2016041805266
174,2016-04-18,JW중외제약리바로영국MHRA당뇨병안전성공인,http://www.joseilbo.com/news/news_read.php?uid=292096&class=27&grp=
175,2016-04-18,JW중외제약고지혈증치료제에당뇨병위험없다,http://app.yonhapnews.co.kr/YNA/Basic/SNS/r.aspx?c=AKR20160418044000017&did=1195m
176,2016-04-18,JW중외제약英서리바로당뇨안전성인정,http://www.mt.co.kr/view/mtview.php?type=1&no=2016041809072332618&outlink=1
177,2016-04-18,JW중외제약정희진교수에JW중외학술대상수여,http://www.enewstoday.co.kr/news/articleView.html?idxno=517387
178,2016-04-18,JW중외제약고지혈증약리바로영국에서안전성공인,http://www.dt.co.kr/contents.html?article_no=2016041802109976029002
179,2016-04-18,JW중외제약국세청조사이어공정위담합의혹조사중,http://www.dailian.co.kr/news/view/567774/?sc=naver
180,2016-04-18,JW중외제약제20회JW중외학술대상후원,http://www.bosa.co.kr/umap/sub.asp?news_pk=602232
181,2016-04-18,JW중외제약리바로英정부당뇨병안정성공인받아,http://www.newspim.com/news/view/20160418000119
182,2016-04-18,JW중외제약고지혈증치료제당뇨병위험없다英정부공인,http://view.asiae.co.kr/news/view.htm?idxno=2016041810305644282
183,2016-04-18,JW중외제약고지혈증치료제영국서당뇨병안전성공인,http://www.sedaily.com/NewsView/1KV32XGNPZ
184,2016-04-18,JW중외제약고지혈증치료제리바로당뇨위험높이지않아,http://www.ekn.kr/news/article.html?no=213330
185,2016-04-18,英JW중외제약리바로에당뇨병위험징후없다,http://www.docdocdoc.co.kr/news/newsview.php?newscd=2016041800002
186,2016-04-18,JW중외제약일산병원서만성콩팥병환자위한맞춤식건강식단제안,http://www.mdtoday.co.kr/mdtoday/index.html?no=267292
187,2016-04-18,JW중외제약리바로英정부로부터안전성인정받아,http://biz.chosun.com/site/data/html_dir/2016/04/18/2016041801696.html
188,2016-04-18,JW중외제약리바로英안전성공인당뇨병위험징후없다”,http://www.mdtoday.co.kr/mdtoday/index.html?no=267305
189,2016-04-18,JW중외제약고지혈증치료제당뇨병안전성공인받아,http://news.mk.co.kr/newsRead.php?no=281813&year=2016
190,2016-04-18,JW중외제약제20회학술대상후원,http://www.newspim.com/news/view/20160418000058
191,2016-04-18,JW중외제약리바로영국서안전성공인,http://www.hankyung.com/news/app/newsview.php?aid=2016041825821
192,2016-04-18,JW중외제약고지혈증리바로당뇨병유발위험無,http://biz.newdaily.co.kr/news/article.html?no=10101553
193,2016-04-19,JW중외제약英정부고지혈증약안전성공인,http://www.ajunews.com/view/20160418143102353
194,2016-04-19,JW중외제약리바로英서당뇨병안전성공인,http://www.enewstoday.co.kr/news/articleView.html?idxno=518030
195,2016-04-19,JW중외제약일산병원만성콩팥병환자위한식생활알린다,http://www.ajunews.com/view/20160418172219711
196,2016-04-19,JW중외제약육체신경피로해소도움뉴먼트프리미엄B출시,http://www.mdtoday.co.kr/mdtoday/index.html?no=267361
197,2016-04-21,신제품JW중외제약종합감기약화콜C리뉴얼,http://news.kukinews.com/article/view.asp?arcid=0010551956&code=46111901&cp=nv
198,2016-04-21,JW중외제약종합감기약화콜C리뉴얼,http://www.bosa.co.kr/umap/sub.asp?news_pk=602435
199,2016-04-21,JW중외제약종합감기약화콜C리뉴얼출시,http://www.fnnews.com/news/201604211301463719
200,2016-04-21,JW중외제약종합감기약화콜리뉴얼,http://www.medical-tribune.co.kr/news/articleView.html?idxno=67290
201,2016-04-21,JW중외제약종합감기약화콜C리뉴얼출시,http://www.joseilbo.com/news/news_read.php?uid=292474&class=27&grp=
202,2016-04-21,JW중외제약감기약화콜리뉴얼출시,http://www.newspim.com/news/view/20160421000270
203,2016-04-21,JW중외제약종합감기약화콜C리뉴얼출시,http://www.yakup.com/news/index.html?mode=view&cat=12&nid=195052
204,2016-04-21,JW중외제약종합감기약화콜C리뉴얼출시,http://www.docdocdoc.co.kr/news/newsview.php?newscd=2016042100032
205,2016-04-21,JW중외제약감기약화콜C리뉴얼출시,http://view.asiae.co.kr/news/view.htm?idxno=2016042115264628159
206,2016-04-21,JW중외제약종합감기약화콜C리뉴얼출시,http://www.g-enews.com/ko-kr/news/article/news_all/201604211549169342573_1/article.html
207,2016-04-21,JW중외제약화콜C리뉴얼출시,http://www.newstomato.com/ReadNews.aspx?no=647577
208,2016-04-21,JW중외제약종합감기약화콜리뉴얼출시,http://www.mdtoday.co.kr/mdtoday/index.html?no=267515
209,2016-04-21,JW중외제약종합감기약화콜C리뉴얼출시,http://medipana.com/news/news_viewer.asp?NewsNum=181116&MainKind=A&NewsKind=5&vCount=12&vKind=1
210,2016-04-22,JW중외제약종합감기약화콜C출시증상따라선택,http://www.enewstoday.co.kr/news/articleView.html?idxno=520106
211,2016-04-22,JW중외제약로벡틴울트라크림홈페이지오픈코스메슈티컬강화,http://www.mdtoday.co.kr/mdtoday/index.html?no=267604
212,2016-04-22,건강단신JW중외제약면역력향상클로렐라플레티넘출시,http://www.sedaily.com/NewsView/1KV4XKVPCZ
213,2016-04-22,제약브리프JW중외제약리뉴얼한화콜C,http://www.bizwatch.co.kr/pages/view.php?uid=22583
214,2016-04-22,JW중외제약전통의종합감기약화콜C리뉴얼,http://www.kpanews.co.kr/article/show.asp?idx=173054&table=article&category=D
215,2016-04-24,JW중외제약화콜리뉴얼화콜C출시,http://www.ajunews.com/view/20160423134752658
216,2016-04-25,HotLine미세먼지기승코웨이JW중외제약등수혜기대,http://news.mk.co.kr/newsRead.php?no=297464&year=2016
217,2016-04-27,JW중외제약아이엔젤마일드점안액으로눈건강지킨다,http://www.metroseoul.co.kr/news/newsview?newscd=2016042700079
218,2016-04-28,JW중외제약눈두피건강생각한창포리뉴얼,http://news.khan.co.kr/kh_news/khan_art_view.html?artid=201604282054005&code=900303
219,2016-04-29,JW중외제약CWP291급성백혈병1상결과분석중,http://stock.hankyung.com/news/app/newsview.php?aid=2016042950566
220,2016-05-02,JW중외제약백혈병신약안전성확인적응증확대추진,http://www.mt.co.kr/view/mtview.php?type=1&no=2016050214442961119&outlink=1
221,2016-05-03,특징주JW중외제약급성백혈병신약안전성확인급등,http://www.viva100.com/main/view.php?key=20160503010000785
222,2016-05-03,특징주JW중외제약백혈병치료신약임상1상종료에5상승,http://www.g-enews.com/ko-kr/news/article/news_all/201605030904076778678_1/article.html
223,2016-05-03,특징주JW중외제약임상1상진행발표에오름세,http://www.ajunews.com/view/20160503112810611
224,2016-05-03,삼성녹십자JW중외제약바이오상장돌풍도약발판,http://www.enewstoday.co.kr/news/articleView.html?idxno=525723
225,2016-05-04,녹십자JW중외제약이란에수액공장,http://www.medical-tribune.co.kr/news/articleView.html?idxno=67475
226,2016-05-15,우리가족올바른상처관리법JW중외제약하이맘밴드,http://news.kukinews.com/article/view.asp?arcid=0010615767&code=41141411&cp=nv
227,2016-05-16,JW중외제약1분기영업이익76억전년비33↑,http://stock.hankyung.com/news/app/newsview.php?aid=2016051643126
228,2016-05-16,JW중외제약영업익329증가,http://www.sedaily.com/NewsView/1KWC4ZCZ7U
229,2016-05-16,JW중외제약1Q리바로판매호조에방긋,http://www.newspim.com/news/view/20160516000228
230,2016-05-16,JW중외제약1Q영업익76억판매호조로전년비33↑,http://www.mt.co.kr/view/mtview.php?type=1&no=2016051614263143996&outlink=1
231,2016-05-16,JW중외제약1분기영업익76억기록,http://www.rapportian.com/n_news/news/view.html?no=27024
232,2016-05-16,JW중외제약1분기영업이익76억원전년동기比33↑,http://www.ebn.co.kr/news/view/830879
233,2016-05-16,JW중외제약1Q영업익76억원전년比329증가,http://news1.kr/articles/?2663687
234,2016-05-16,JW중외제약1분기영업익765억전년동기대비329↑,http://news.mtn.co.kr/newscenter/news_viewer.mtn?gidx=2016051616493856978
235,2016-05-16,JW중외제약1분기영업이익76억전년동기대비33상승,http://www.dt.co.kr/contents.html?article_no=2016051602109976029005
236,2016-05-17,하나제약JW중외제약GSK출신최현식부회장영입,http://www.yakup.com/news/index.html?mode=view&cat=12&nid=195794
237,2016-05-23,특징주JW중외제약신약라이센스아웃추진에3거래일연속오름세,http://www.g-enews.com/ko-kr/news/article/news_all/201605230901171972184_1/article.html
238,2016-05-25,JW중외제약여름철상처흉터걱정덜어주는하이맘밴드,http://www.ajunews.com/view/20160524090350644
239,2016-05-26,글로벌협력망이JW중외제약핵심경쟁력,http://www.mt.co.kr/view/mtview.php?type=1&no=2016052513492002186&outlink=1
240,2016-05-26,특징주JW중외제약코스피200신규편입소식에강세,http://www.newstomato.com/ReadNews.aspx?no=658049
241,2016-05-26,보령제약JW중외제약코스피200신규편입효과상승세,http://news.heraldcorp.com/view.php?ud=20160526000216
242,2016-05-26,특징주JW중외제약보령제약등코스피200지수신규편입주강세,http://news.mtn.co.kr/newscenter/news_viewer.mtn?gidx=2016052609340560045
243,2016-05-26,특징주보령제약JW중외제약등코스피200신규편입주강세,http://www.cstimes.com/news/articleView.html?idxno=214779
244,2016-05-26,보령제약JW중외제약등코스피200신규편입株강세종합,http://app.yonhapnews.co.kr/YNA/Basic/SNS/r.aspx?c=AKR20160526049551008&did=1195m
245,2016-05-26,스타워즈메리츠송승복JW중외제약반등에활짝,http://stock.hankyung.com/news/app/newsview.php?aid=2016052644806
246,2016-05-27,특징주JW중외제약하루새급락반전,http://www.seoulfn.com/news/articleView.html?idxno=253185
247,2016-05-27,JW중외제약차익실현매물에하락세지속,http://www.sedaily.com/NewsView/1KWH4Y0HOU
248,2016-06-01,더벨JW중외제약원외처방약자탈출시동,http://www.thebell.co.kr/front/free/contents/news/article_view.asp?key=201605300100055680003382
249,2016-06-01,JW중외제약발달장애인미술공모전2016JW아트어워드개최,http://news.heraldcorp.com/view.php?ud=20160601000346
250,2016-06-02,특징주JW중외제약52주신고가경신,http://www.g-enews.com/ko-kr/news/article/news_all/201606020923147914125_1/article.html
251,2016-06-02,JW중외제약7일새16급등,http://news.mk.co.kr/newsRead.php?no=397941&year=2016
252,2016-06-07,스타워즈메리츠송승복JW중외제약적중307p↑,http://stock.hankyung.com/news/app/newsview.php?aid=2016060731506
253,2016-06-07,터치이종목JW중외제약코스피200지수편입앞두고강세,http://www.sedaily.com/NewsView/1KXHXVJXWJ
254,2016-06-08,HotStockJW중외제약,http://stock.hankyung.com/news/app/newsview.php?aid=2016060870171
255,2016-06-08,증시톡톡JW중외제약셀루메드수급주체매매행태분석,http://www.g-enews.com/ko-kr/news/article/news_all/201606081818520859347_1/article.html
256,2016-06-10,JW중외제약복합기능성건강식품모링가플러스출시,http://www.g-enews.com/ko-kr/news/article/news_all/201606100952485125525_1/article.html
257,2016-06-10,JW중외제약기능성건강식품모링가플러스출시,http://www.finomy.com/news/articleView.html?idxno=36790
258,2016-06-10,JW중외제약복합기능성건기식모링가플러스출시,http://medipana.com/news/news_viewer.asp?NewsNum=183303&MainKind=A&NewsKind=5&vCount=12&vKind=1
259,2016-06-10,JW중외제약건강기능식품모링가플러스출시,http://www.rapportian.com/n_news/news/view.html?no=27358
260,2016-06-10,JW중외제약복합기능성건강식품모링가플러스출시,http://www.joseilbo.com/news/news_read.php?uid=296301&class=27&grp=
261,2016-06-10,JW중외제약복합기능성건강식품모링가플러스출시,http://www.ebn.co.kr/news/view/835177
262,2016-06-10,JW중외제약건기식모링가플러스출시,http://www.mdtoday.co.kr/mdtoday/index.html?no=269607
263,2016-06-10,JW중외제약복합기능성건강식품모링가플러스출시,http://news.kukinews.com/article/view.asp?arcid=0010692499&code=46111501&cp=nv
264,2016-06-12,JW중외제약강릉단오제참여친환경염색약창포써보세요”,http://www.mdtoday.co.kr/mdtoday/index.html?no=269641
265,2016-06-19,신약강국현장을가다이경준JW중외제약신약연구센터장선진외국기관과네트워크강화,http://news.kmib.co.kr/article/view.asp?arcid=0923566431&code=14130000&cp=nv
266,2016-06-20,유가시장본부JW중외제약2우B단기과열완화장치발동예고,http://www.newstomato.com/ReadNews.aspx?no=665278
267,2016-06-21,JW중외제약페린젝트하지불안증후군치료법주목,http://www.yakup.com/news/index.html?mode=view&cat=12&nid=196864
268,2016-06-21,JW중외제약페린젝트하지불안증후군치료법에주목,http://medipana.com/news/news_viewer.asp?NewsNum=183711&MainKind=A&NewsKind=5&vCount=12&vKind=1
269,2016-06-21,JW중외제약페린젝트하지불안증후군치료법세계학회서주목,http://www.kukinews.com/news/article.html?no=377594
270,2016-06-21,JW중외제약페린젝트하지불안증후군치료법주목안전성입증”,http://www.mdtoday.co.kr/mdtoday/index.html?no=270004
271,2016-06-21,유가증권시장본부JW중외제약2우B단기과열종목지정예고,http://www.newstomato.com/ReadNews.aspx?no=665633
272,2016-06-29,JW중외제약색깔다른화콜C출시감기약증상따라선택하세요,http://www.etoday.co.kr/news/section/newsview.php?idxno=1349937
273,2016-06-29,JW중외제약고용량철분제하지불안증후군에효과,http://www.hankyung.com/news/app/newsview.php?aid=2016062937631
274,2016-07-01,JW중외제약재무구조개선돌파구는9월훈풍기대,http://www.etoday.co.kr/news/section/newsview.php?idxno=1351217
275,2016-07-06,JW중외제약서울지방국세청에서추징금140억원부과,http://app.yonhapnews.co.kr/YNA/Basic/SNS/r.aspx?c=AKR20160706137600008&did=1195m
276,2016-07-06,JW중외제약139억규모추징금부과,http://stock.hankyung.com/news/app/newsview.php?aid=2016070623606
277,2016-07-06,JW중외제약139억원규모추징금부과,http://view.asiae.co.kr/news/view.htm?idxno=2016070615210932521
278,2016-07-06,JW중외제약추징금으로139억원납부,http://www.newspim.com/news/view/20160706000274
279,2016-07-06,JW중외제약국세청으로부터139억원추징,http://www.edaily.co.kr/news/newspath.asp?newsid=03063526612711896
280,2016-07-06,국세청JW중외제약에추징금139억원부과,http://www.newstomato.com/ReadNews.aspx?no=670091
281,2016-07-06,JW중외제약1392억규모추징금부과,http://news.heraldcorp.com/view.php?ud=20160706000843
282,2016-07-06,JW중외제약국세청으로부터139억원추징,http://www.ebn.co.kr/news/view/839492
283,2016-07-06,JW중외제약139억원규모추징금부과받아,http://www.etoday.co.kr/news/section/newsview.php?idxno=1353242
284,2016-07-06,JW중외제약서울지방국세청에서추징금140억원부과,http://biz.chosun.com/site/data/html_dir/2016/07/06/2016070602087.html
285,2016-07-06,공시JW중외제약139억규모추징금부과,http://www.newsway.co.kr/view.php?tp=1&ud=2016070615520620839
286,2016-07-06,JW중외제약국세청으로부터139억추징금부과,http://www.rapportian.com/n_news/news/view.html?no=27693
287,2016-07-06,JW중외제약추징금139억원부과,http://www.newsis.com/ar_detail/view.html?ar_id=NISX20160706_0014201382&cID=10401&pID=10400
288,2016-07-06,JW중외제약서울지방국세청에서추징금140억원부과,http://www.dt.co.kr/contents.html?article_no=2016070602109976029004
289,2016-07-06,JW중외제약국세청으로부터추징금139억원부과,http://www.sedaily.com/NewsView/1KYRETRHT4
290,2016-07-06,JW중외제약법인세조사받고추징금139억원,http://news1.kr/articles/?2712314
291,2016-07-06,공시JW중외제약139억원수준의추징금부과,http://www.fnnews.com/news/201607061644368354
292,2016-07-06,JW중외제약서울지방국세청에서추징금140억원부과,http://www.cstimes.com/news/articleView.html?idxno=218836
293,2016-07-06,유가증권시장공시JW중외제약모토닉대한해운,http://news.mk.co.kr/newsRead.php?no=485483&year=2016
294,2016-07-06,JW중외제약서울국세청으로부터139억추징받아,http://www.tfnews.co.kr/news/article.html?no=25340
295,2016-07-06,국세청JW중외제약에139억원추징자기자본61상보,http://news1.kr/articles/?2712469
296,2016-07-06,서울지방국세청JW중외제약에법인세추징금139억부과,http://www.yakup.com/news/index.html?mode=view&cat=12&nid=197400
297,2016-07-07,서울국세청JW중외제약에139억추징금부과,http://www.dailypharm.com/News/214052
298,2016-07-07,국세청JW중외제약에법인세등139억추징금부과,http://www.kukinews.com/news/article.html?no=381484
299,2016-07-08,JW중외제약한양대구리병원서만성콩팥병환자위한식생활알린다,http://www.mdtoday.co.kr/mdtoday/index.html?no=270828
300,2016-07-09,JW중외제약고대구로병원만성콩팥병환자위한시식행사개최,http://www.newscj.com/news/articleView.html?idxno=361335
301,2016-07-18,2016의료소비자만족대상JW중외제약엘란쎄,http://www.viva100.com/main/view.php?key=20160718010005017
302,2016-07-19,2016의료소비자만족대상시상식K뷰티헬스케어제약기업대상JW중외제약엘란쎄,http://www.viva100.com/main/view.php?key=20160719010005548
303,2016-07-21,JW중외제약안국약품가드렛•가드메트공동판매,http://www.yakup.com/news/index.html?mode=view&cat=12&nid=197830
304,2016-07-21,JW중외제약안국약품과당뇨치료제공동판매,http://www.newstomato.com/ReadNews.aspx?no=674198
305,2016-07-21,JW중외제약안국약품당뇨약가드렛공동판매,http://medipana.com/news/news_viewer.asp?NewsNum=186053&MainKind=A&NewsKind=5&vCount=12&vKind=1
306,2016-07-21,JW중외제약안국약품가드렛가드메트공동판매협약체결,http://www.g-enews.com/ko-kr/news/article/news_all/201607210927449517893_1/article.html
307,2016-07-21,JW중외제약안국약품과당뇨병치료제가드렛공동판매,http://www.edaily.co.kr/news/newspath.asp?newsid=01938486612716816
308,2016-07-21,JW중외제약안국약품당뇨병치료제공동판매협약,http://app.yonhapnews.co.kr/YNA/Basic/SNS/r.aspx?c=AKR20160721057900017&did=1195m
309,2016-07-21,JW중외제약안국약품가드렛가드메트공동판매,http://www.newsis.com/ar_detail/view.html?ar_id=NISX20160721_0014235950&cID=10401&pID=10400
310,2016-07-21,JW중외제약안국약품과당뇨병치료제공동판매협약체결,http://www.etoday.co.kr/news/section/newsview.php?idxno=1359859
311,2016-07-21,JW중외제약안국가드렛가드메트공동판매,http://www.bosa.co.kr/umap/sub.asp?news_pk=607074
312,2016-07-21,JW중외제약안국약품과손잡고당뇨병치료제시장공략,http://www.ebn.co.kr/news/view/841834
313,2016-07-21,JW중외제약안국약품당뇨병치료제공동판매나선다,http://www.mhj21.com/sub_read.html?uid=98468§ion=sc243
314,2016-07-21,JW중외제약안국약품당뇨약가드렛가드메트공동판매,http://www.fnnews.com/news/201607211003150543
315,2016-07-21,JW중외제약안국약품과손잡고당뇨병치료제시장공략가속화,http://www.m-i.kr/news/articleView.html?idxno=240347
316,2016-07-21,JW중외제약안국약품당뇨치료제공동판매협약,http://www.mt.co.kr/view/mtview.php?type=1&no=2016072109332854283&outlink=1
317,2016-07-21,JW중외제약안국약품과당뇨병신약가드렛공동판매계약,http://www.rapportian.com/n_news/news/view.html?no=27876
318,2016-07-21,JW중외제약안국약품당뇨병치료제가드렛공동판매,http://news1.kr/articles/?2725957
319,2016-07-21,JW중외제약안국약품가드렛가드메트공동판매,http://www.asiatoday.co.kr/view.php?key=20160721010010150
320,2016-07-21,JW중외제약안국약품가드렛가드메트공동판매,http://www.enewstoday.co.kr/news/articleView.html?idxno=568364
321,2016-07-21,JW중외제약안국약품과당뇨약함께판다,http://www.nextdaily.co.kr/news/article.html?id=20160721800054
322,2016-07-21,JW중외제약안국약품당뇨병치료제판매협력,http://www.wowtv.co.kr/newscenter/news/view.asp?bcode=T30001000&artid=A201607210345
323,2016-07-21,JW중외제약안국약품가드렛가드메트공동판매,http://www.kukinews.com/news/article.html?no=384445
324,2016-07-21,JW중외제약안국약품당뇨병치료제공동판매,http://www.newspim.com/news/view/20160721000266
325,2016-07-21,JW중외제약안국약품당뇨병치료제공동판매협약,http://www.mdtoday.co.kr/mdtoday/index.html?no=271347
326,2016-07-21,JW중외제약당뇨병치료시장공략,http://www.fnnews.com/news/201607211729007739
327,2016-07-21,JW중외제약안국약품과당뇨치료제공동판매협약,http://www.hankyung.com/news/app/newsview.php?aid=201607214257i
328,2016-07-22,JW중외제약안국약품과당뇨병치료제가드렛가드메트공동판매,http://www.viva100.com/main/view.php?key=20160721020017279
329,2016-07-22,리퍼럴100대브랜드53JW중외제약,http://www.betanews.net/article/637880
330,2016-07-22,취업소식JW중외제약㈜신입사원31일11시채용마감,http://daily.hankooki.com/lpage/economy/201607/dh20160722133639138150.htm
331,2016-07-25,JW중외제약31일까지신입채용,http://www.ekn.kr/news/article.html?no=229721
332,2016-07-28,fnRASSIJW중외제약제약및바이오업종중기관수급상관성가장높아,http://www.fnnews.com/news/201607281603298927
333,2016-07-29,인베스트조선JW홀딩스JW중외제약1000억규모EBRCPS발행추진,http://www.investchosun.com/2016/07/29/3198185
334,2016-07-29,거래소JW중외제약에상환전환우선주발행조회공시요구,http://www.mt.co.kr/view/mtview.php?type=1&no=2016072914461583325&outlink=1
335,2016-07-29,거래소JW중외제약에상환전환우선주발행관련조회공시요구,http://view.asiae.co.kr/news/view.htm?idxno=2016072914475036023
336,2016-07-29,거래소JW중외제약에상환전환우선주발행추진관련조회공시요구,http://www.newsway.co.kr/view.php?tp=1&ud=2016072914472216073
337,2016-07-29,거래소JW중외제약에상환전환우선주발행추진설조회공시,http://app.yonhapnews.co.kr/YNA/Basic/SNS/r.aspx?c=AKR20160729109600008&did=1195m
338,2016-07-29,JW중외제약상환전환우선주발행추진설조회공시,http://stock.hankyung.com/news/app/newsview.php?aid=2016072948756
339,2016-07-29,조회공시JW중외제약상환전환우선주발행추진설관련,http://www.newspim.com/news/view/20160729000228
340,2016-07-29,JW중외제약상환전환우선주발행추진설조회공시요구받아,http://www.edaily.co.kr/news/newspath.asp?newsid=02607606612719440
341,2016-07-29,거래소JW중외제약상환전환우선주발행추진설조회공시”,http://www.sedaily.com/NewsView/1KZ1ZH08RV
342,2016-07-29,조회공시JW중외제약상환전환우선주추진설,http://www.etoday.co.kr/news/section/newsview.php?idxno=1364037
343,2016-07-29,거래소JW중외제약에상환전환우선주발행추진설에대한조회공시요구,http://www.newsis.com/ar_detail/view.html?ar_id=NISX20160729_0014254953&cID=10401&pID=10400
344,2016-07-29,테마JW중외제약에조회공시요구,http://www.etnews.com/20160729000380
345,2016-07-29,JW중외제약1200억자금조달,http://news.mk.co.kr/newsRead.php?no=543456&year=2016
346,2016-08-01,JW중외제약RCPS발행검토중,http://www.mt.co.kr/view/mtview.php?type=1&no=2016080110333323859&outlink=1
347,2016-08-01,JW중외제약상환전환우선주발행검토중,http://www.newsis.com/ar_detail/view.html?ar_id=NISX20160801_0014258973&cID=10401&pID=10400
348,2016-08-01,공시JW중외제약상환전환우선주발행검토중,http://www.ajunews.com/view/20160801103948007
349,2016-08-01,JW중외제약상환전환우선주발행검토중이나확정된바없어,http://www.sedaily.com/NewsView/1KZZ1L0WYK
350,2016-08-01,JW중외제약RCPS발행검토중확정된것없어,http://stock.hankyung.com/news/app/newsview.php?aid=2016080193656
351,2016-08-01,답변공시JW중외제약상환전환우선주발행검토중,http://www.etoday.co.kr/news/section/newsview.php?idxno=1364766
352,2016-08-01,JW중외제약상환전환우선주발행추진설관련검토중이나확정된바없어,http://www.newstomato.com/ReadNews.aspx?no=677233
353,2016-08-01,공시JW중외제약상환전환우선주발행추진확정된바없어,http://www.newsprime.co.kr/news/article.html?no=344492
354,2016-08-01,JW중외제약RCPS발행검토중확정된바없어,http://www.ebn.co.kr/news/view/843650
355,2016-08-01,답변공시JW중외제약RCPS발행검토중,http://www.newspim.com/news/view/20160801000181
356,2016-08-01,JW중외제약상환전환우선주발행검토중”,http://news.heraldcorp.com/view.php?ud=20160801000630
357,2016-08-08,JW중외제약천연건강기능식품그라비올라프리미엄출시,http://www.enewstoday.co.kr/news/articleView.html?idxno=577560
358,2016-08-08,JW중외제약건강기능식품그라비올라프리미엄출시,http://www.ebn.co.kr/news/view/844723
359,2016-08-08,JW중외제약천연건강기능식품그라비올라프리미엄출시,http://www.yakup.com/news/index.html?mode=view&cat=12&nid=198250
360,2016-08-08,JW중외제약건기식그라비올라프리미엄출시,http://www.nextdaily.co.kr/news/article.html?id=20160808800035
361,2016-08-08,JW중외제약창립71주년광복과함께한국민건강기업,http://www.breaknews.com/sub_read.html?uid=456810§ion=sc3
362,2016-08-08,JW중외제약건기식그라비올라프리미엄출시,http://www.newstomato.com/ReadNews.aspx?no=679187
363,2016-08-08,JW중외제약그라비올라프리미엄출시,http://www.monews.co.kr/news/articleView.html?idxno=92973
364,2016-08-08,JW중외제약건기식그라비올라프리미엄출시,http://www.bosa.co.kr/umap/sub.asp?news_pk=607662
365,2016-08-08,JW중외제약건강기능식품그라비올라프리미엄출시,http://www.kukinews.com/news/article.html?no=387683
366,2016-08-08,JW중외제약건강기능식품그라비올라프리미엄출시,http://www.mdtoday.co.kr/mdtoday/index.html?no=271966
367,2016-08-08,JW중외제약열대우림천연성분건기식그라비올라프리미엄출시,http://www.viva100.com/main/view.php?key=20160808020017438
368,2016-08-09,부고강신홍JW중외제약CMC연구센터장부친상,http://stock.hankyung.com/news/app/newsview.php?aid=2016080992226
369,2016-08-09,부음강신홍JW중외제약CMC연구센터장씨부친상,http://biz.chosun.com/site/data/html_dir/2016/08/09/2016080900798.html
370,2016-08-09,강신홍JW중외제약수석상무부친상,http://medipana.com/news/news_viewer.asp?NewsNum=186752&MainKind=A&NewsKind=5&vCount=12&vKind=1
371,2016-08-09,부고강신홍JW중외제약CMC연구센터장수석상무부친상,http://www.metroseoul.co.kr/news/newsview?newscd=2016080900009
372,2016-08-09,부음강신홍JW중외제약CMC연구센터장씨부친상,http://www.bizwatch.co.kr/pages/view.php?uid=24917
373,2016-08-09,부고강신홍JW중외제약수석상무씨부친상,http://www.ebn.co.kr/news/view/844888
374,2016-08-09,JW중외제약강신홍수석상무부친상,http://www.bosa.co.kr/umap/pnp_view.asp?pk=134365
375,2016-08-09,부음강신홍JW중외제약수석상무씨부친상,http://www.etoday.co.kr/news/section/newsview.php?idxno=1368400
376,2016-08-09,부고강신홍JW중외제약CMC연구센터장씨부친상,http://www.viva100.com/main/view.php?key=20160809010002237
377,2016-08-09,부고강신홍JW중외제약수석상무씨부친상,http://www.dailian.co.kr/news/view/584778/?sc=naver
378,2016-08-09,부고강신홍JW중외제약CMC연구센터장씨부친상,http://app.yonhapnews.co.kr/YNA/Basic/SNS/r.aspx?c=AKR20160809054200017&did=1195m
379,2016-08-09,강신홍JW중외제약상무부친상,http://www.monews.co.kr/news/articleView.html?idxno=93012
380,2016-08-09,부고강신홍JW중외제약CMC연구센터수석상무씨부친상,http://www.newspim.com/news/view/20160809000085
381,2016-08-09,부고강신홍JW중외제약CMC연구센터장씨부친상,http://www.g-enews.com/ko-kr/news/article/news_all/201608090956422974735_1/article.html
382,2016-08-09,부고강신홍씨JW중외제약CMC연구센터장부친상,http://www.fnnews.com/news/201608091012111024
383,2016-08-09,부고강신홍JW중외제약CMC연구센터장부친상,http://news.mk.co.kr/newsRead.php?no=566287&year=2016
384,2016-08-09,부음강신홍JW중외제약CMC연구센터장부친상,http://www.mdtoday.co.kr/mdtoday/index.html?no=271995
385,2016-08-09,JW중외제약강신홍수석상무부친상,http://www.medical-tribune.co.kr/news/articleView.html?idxno=68728
386,2016-08-09,강신홍JW중외제약CMC연구센터장부친상,http://www.rapportian.com/n_news/news/view.html?no=28059
387,2016-08-09,강신홍JW중외제약CMC연구센터장부친상,http://www.medicaltimes.com/Users4/Inform/index.html?mode=View&ID=7750
388,2016-08-09,부고JW중외제약강신홍CMC연구센터장부친상,http://www.docdocdoc.co.kr/?p=214513
389,2016-08-09,부고강신홍JW중외제약수석상무씨부친상,http://www.nextdaily.co.kr/news/article.html?id=20160809800045
390,2016-08-09,부고강신홍JW중외제약CMC연구센터장씨부친상,http://www.consumernews.co.kr/?mod=news&act=articleView&idxno=512563
391,2016-08-09,부고강신홍JW중외제약CMC연구센터장수석상무씨부친상,http://www.dt.co.kr/contents.html?article_no=2016081002102169029001
392,2016-08-10,부고강신홍씨JW중외제약CMC연구센터장부친상,http://news1.kr/articles/?2743335
393,2016-08-10,부고강신홍JW중외제약CMC연구센터장씨부친상,http://www.ceoscoredaily.com/news/article.html?no=22804
394,2016-08-10,JW중외제약수액명가에서신약명가로이미지변신,http://biz.newdaily.co.kr/news/article.html?no=10110688
395,2016-08-10,마켓리포트전기가스업종의약품업종강세_예스코JW중외제약두드러져,http://www.etnews.com/20160810000291
396,2016-08-12,인베스트조선1000억모으는JW홀딩스JW중외제약투자자반응시큰둥,http://www.investchosun.com/2016/08/12/3199050
397,2016-08-12,테마JW중외제약_기관과개인은순매도외국인은순매수한달누적,http://www.etnews.com/20160812000308
398,2016-08-16,JW중외제약상반기영업익129억원전년比16↑,http://news.mk.co.kr/newsRead.php?no=583179&year=2016
399,2016-08-16,JW중외제약대형품목판매증가에상반기실적호조,http://www.newspim.com/news/view/20160816000428
400,2016-08-16,JW중외제약상반기영업이익129억전년비16↑,http://stock.hankyung.com/news/app/newsview.php?aid=2016081676246
401,2016-08-17,JW중외제약상반기매출2358억원82↑,http://view.asiae.co.kr/news/view.htm?idxno=2016081708382293250
402,2016-08-17,JW중외제약올상반기영업익129억기록,http://www.rapportian.com/n_news/news/view.html?no=28176
403,2016-08-18,더벨씨앗뿌린JW중외제약하반기결실카운트다운,http://www.thebell.co.kr/front/free/contents/news/article_view.asp?key=201608170100029630001793
404,2016-08-18,출발UPDOWNJW중외제약CMG제약,http://www.newstomato.com/ReadNews.aspx?no=682115
405,2016-08-22,JW홀딩스JW중외제약106만주취득키로지배력제고,http://www.edaily.co.kr/news/newspath.asp?newsid=03014326612749944
406,2016-08-22,JW중외제약JW홀딩스대상689억규모유증,http://www.mt.co.kr/view/mtview.php?type=1&no=2016082216001993137&outlink=1
407,2016-08-22,JW중외제약약발잘받는이유있었네,https://cnbc.sbs.co.kr/article_hub/10000818682?division=NAVER
408,2016-08-22,JW홀딩스JW중외제약주식106만3535주취득,http://www.newsis.com/ar_detail/view.html?ar_id=NISX20160822_0014339775&cID=10401&pID=10400
409,2016-08-22,JW그룹대규모투자유치JW중외제약부채비율급감,http://stock.hankyung.com/news/app/newsview.php?aid=2016082217876
410,2016-08-22,JW홀딩스JW중외제약106만3535주취득지배력제고위해,http://biz.chosun.com/site/data/html_dir/2016/08/22/2016082202158.html
411,2016-08-22,JW중외제약현대증권등대상294억규모유증,http://www.mt.co.kr/view/mtview.php?type=1&no=2016082216121084602&outlink=1
412,2016-08-22,JW홀딩스JW중외제약주식106만여주취득,http://www.sedaily.com/NewsView/1L08PTHUNC
413,2016-08-22,JW중외제약삼성증권등대상294억원규모유상증자결정,http://view.asiae.co.kr/news/view.htm?idxno=2016082216180372480
414,2016-08-22,JW홀딩스JW중외제약주식106만주취득결정,http://www.newspim.com/news/view/20160822000272
415,2016-08-22,인베스트조선JW홀딩스JW중외제약EBRCPS1200억투자자모집완료,http://www.investchosun.com/2016/08/22/3199652
416,2016-08-22,JW홀딩스JW중외제약주식106만3535주취득결정,http://news.heraldcorp.com/view.php?ud=20160822000849
417,2016-08-22,JW중외제약1천119억원제3자배정유상증자결정,http://app.yonhapnews.co.kr/YNA/Basic/SNS/r.aspx?c=AKR20160822135500008&did=1195m
418,2016-08-22,JW중외제약총1119억규모제3자배정유상증자결정,http://news.heraldcorp.com/view.php?ud=20160822000859
419,2016-08-22,JW홀딩스JW중외제약106만주취득지배력제고,http://www.enewstoday.co.kr/news/articleView.html?idxno=586194
420,2016-08-22,마감시황JW중외제약1119억규모유증에강세헝셩그룹공모가뛰어넘어,http://www.mediapen.com/news/view/179782
421,2016-08-22,JW중외제약1120억유상증자부채비율191→90,http://www.mt.co.kr/view/mtview.php?type=1&no=2016082216274331890&outlink=1
422,2016-08-22,JW그룹JW중외제약재무구조개선박차부채비율191→90대로감소예상,http://www.etoday.co.kr/news/section/newsview.php?idxno=1374074
423,2016-08-22,JW중외제약1200억원수혈부채비율100밑으로,http://news1.kr/articles/?2753957
424,2016-08-22,JW홀딩스자회사JW중외제약106만여주취득결정,http://www.newstomato.com/ReadNews.aspx?no=683221
425,2016-08-23,JW중외제약1200억대자금조달재무구조개선,http://medipana.com/news/news_viewer.asp?NewsNum=187226&MainKind=A&NewsKind=5&vCount=12&vKind=1
426,2016-08-23,fnRASSIJW중외제약52주신고가달성571↑,http://www.fnnews.com/news/201608230905515506
427,2016-08-23,특징주JW중외제약재무구조개선기대에신고가,http://app.yonhapnews.co.kr/YNA/Basic/SNS/r.aspx?c=AKR20160823040700008&did=1195m
428,2016-08-23,특징주JW중외제약대규모유증결정에급등,http://www.mt.co.kr/view/mtview.php?type=1&no=2016082309075125186&outlink=1
429,2016-08-23,특징주JW중외제약강세1120억원유증통해재무구조개선,http://biz.chosun.com/site/data/html_dir/2016/08/23/2016082300649.html
430,2016-08-23,특징주JW중외제약자금조달기대에오름세,http://www.viva100.com/main/view.php?key=20160823010006300
431,2016-08-23,특징주JW중외제약급등대규모유증결정,http://www.ebn.co.kr/news/view/846949
432,2016-08-23,특징주JW중외제약1119억원규모제3자배정유증결정52주신고가경신,http://www.g-enews.com/ko-kr/news/article/news_all/201608230920200269267_1/article.html
433,2016-08-23,특징주JW중외제약재무구조개선기대에신고가,http://www.cstimes.com/news/articleView.html?idxno=223399
434,2016-08-23,JW중외제약1119억유증에신고가경신,http://www.mediapen.com/news/view/179909
435,2016-08-23,특징주JW중외제약1100억원유상증자소식에↑,http://view.asiae.co.kr/news/view.htm?idxno=2016082309341831904
436,2016-08-23,특징주JW중외제약대규모유증소식에급등,http://www.newsway.co.kr/view.php?tp=1&ud=2016082309551810244
437,2016-08-23,특징주JW중외제약이틀째강세재무구조개선기대감,http://www.wowtv.co.kr/newscenter/news/view.asp?bcode=T30001000&artid=A201608230115
438,2016-08-23,출발UPDOWNJW중외제약삼성전자,http://www.newstomato.com/ReadNews.aspx?no=683343
439,2016-08-23,JW중외제약1119억규모자금조달로RD집중할것,http://www.m-i.kr/news/articleView.html?idxno=247883
440,2016-08-24,레이더MJW중외제약1200억자금조달마무리,http://news.mk.co.kr/newsRead.php?no=601308&year=2016
441,2016-08-25,파마리서치프로덕트JW중외제약과76억규모공급계약,http://www.edaily.co.kr/news/newspath.asp?newsid=03542406612750928
442,2016-08-25,파마리서치프로덕트JW중외제약과756억규모공급계약체결,http://news.heraldcorp.com/view.php?ud=20160825000873
443,2016-08-25,파마리서치프로덕트JW중외제약과76억규모제품공급계약,http://www.newsis.com/ar_detail/view.html?ar_id=NISX20160825_0014347255&cID=10401&pID=10400
444,2016-08-25,파마리서치프로덕트JW중외제약과756억원규모공급계약체결,http://www.newstomato.com/ReadNews.aspx?no=684402
445,2016-08-26,특징주파마리서치프로덕트JW중외제약과75억계약체결소식에상승,http://biz.chosun.com/site/data/html_dir/2016/08/26/2016082600630.html
446,2016-08-26,파마리서치프로덕트JW중외제약과PN성분리제스킨공급계약,http://www.fnnews.com/news/201608261043512078
447,2016-08-26,파마리서치프로덕트JW중외제약리제스킨공급계약체결,http://www.enewstoday.co.kr/news/articleView.html?idxno=588896
448,2016-08-26,파마리서치JW중외제약에리제스킨공급80억규모,http://www.ajunews.com/view/20160826101839820
449,2016-08-26,더벨JW중외제약1200억조달재무개선효과는,http://www.thebell.co.kr/front/free/contents/news/article_view.asp?key=201608250100045510002759
450,2016-08-26,파마리서치JW중외제약에힐러리제스킨독점공급,http://medipana.com/news/news_viewer.asp?NewsNum=187415&MainKind=A&NewsKind=5&vCount=12&vKind=1
451,2016-08-26,파마리서치프로덕트JW중외제약필러리제스킨공급계약체결,http://biz.newdaily.co.kr/news/article.html?no=10111966
452,2016-08-26,파마리서치JW중외제약과PN성분의료기기리제스킨공급계약,http://www.yakup.com/news/index.html?mode=view&cat=12&nid=198716
453,2016-08-26,파마리서치JW중외제약PN성분리제스킨공급계약,http://www.kpanews.co.kr/article/show.asp?idx=176421&table=article&category=D
454,2016-08-26,파마리서치프로덕트JW중외제약리제스킨공급계약,http://www.bosa.co.kr/umap/sub.asp?news_pk=608344
455,2016-08-26,파마리서치JW중외제약과80억어치리쥬란힐러제품공급계약,http://www.rapportian.com/n_news/news/view.html?no=28332
456,2016-08-26,파마리서치프로덕트JW중외제약에의료기기공급,http://www.mt.co.kr/view/mtview.php?type=1&no=2016082617212827386&outlink=1
457,2016-08-29,더벨JW중외제약자본확충신용도개선얼마나,http://www.thebell.co.kr/front/free/contents/news/article_view.asp?key=201608250100046820002834
458,2016-08-30,JW중외제약뉴먼트프리미엄B와뉴먼트마하출시,http://www.g-enews.com/ko-kr/news/article/news_all/201608300943366576966_1/article.html
459,2016-08-30,JW중외제약프리미엄영양제뉴먼트프리미엄B마하출시,http://www.etoday.co.kr/news/section/newsview.php?idxno=1377243
460,2016-08-30,JW중외제약프리미엄영양제뉴먼트출시,http://medipana.com/news/news_viewer.asp?NewsNum=187552&MainKind=A&NewsKind=5&vCount=12&vKind=1
461,2016-08-30,JW중외제약뉴먼트프리미엄B마하출시,http://news.heraldcorp.com/view.php?ud=20160830000376
462,2016-08-30,JW중외제약현대인위한신개념프리미엄영양제출시,http://www.dailian.co.kr/news/view/587784/?sc=naver
463,2016-08-30,신제품JW중외제약영양제뉴먼스2종출시,http://www.kukinews.com/news/article.html?no=391919
464,2016-08-30,JW중외제약뉴먼트2종출시,http://www.newstomato.com/ReadNews.aspx?no=685494
465,2016-08-30,JW중외제약프리미엄영양제브랜드뉴먼트신제품2종출시,http://www.fnnews.com/news/201608301403577290
466,2016-08-30,JW중외제약영양제뉴먼트2종출시,http://www.ajunews.com/view/20160830143413938
467,2016-08-30,JW중외제약직장인위한영양제뉴먼트신제품출시,http://www.nextdaily.co.kr/news/article.html?id=20160830800082
468,2016-08-30,JW중외제약프리미엄영양제뉴먼트라인업강화,http://www.enewstoday.co.kr/news/articleView.html?idxno=591516
469,2016-08-30,JW중외제약뉴먼트신제품2종출시,http://www.mdtoday.co.kr/mdtoday/index.html?no=272651
470,2016-08-30,JW중외제약프리미엄영양제2종출시,http://www.etnews.com/20160830000426
471,2016-08-30,JW중외제약영양제뉴먼트프리미엄B마하2종출시,http://www.viva100.com/main/view.php?key=20160830020017612
472,2016-08-31,fnRASSIJW중외제약52주신고가달성145↑,http://www.fnnews.com/news/201608310957590514
473,2016-08-31,미리준비하는추석선물JW중외제약뉴먼트시리즈바쁜현대인위한프리미엄영양제,http://www.fnnews.com/news/201608311645366262
474,2016-09-01,메이드유의원JW중외제약에엘란쎄”국내유일5천실린지달성인증,http://www.hkbs.co.kr/?m=bbs&bid=envnews7&uid=403099
475,2016-09-02,JW중외제약자본확충에재무구조개선신용도회복은글쎄,http://www.etoday.co.kr/news/section/newsview.php?idxno=1378862
476,2016-09-07,MedicineJW중외제약뉴먼트,http://news.mk.co.kr/newsRead.php?no=633656&year=2016
477,2016-09-07,JW중외제약신개념학습기휴브레인출시,http://app.yonhapnews.co.kr/YNA/Basic/SNS/r.aspx?c=PYH20160907111000013&did=1196m
478,2016-09-07,JW중외제약신개념학습기휴브레인출시,http://app.yonhapnews.co.kr/YNA/Basic/SNS/r.aspx?c=PYH20160907111500013&did=1196m
479,2016-09-07,JW중외제약신개념학습기휴브레인출시,http://app.yonhapnews.co.kr/YNA/Basic/SNS/r.aspx?c=PYH20160907111200013&did=1196m
480,2016-09-07,포토JW중외제약휴브레인출시,http://www.edaily.co.kr/news/newspath.asp?newsid=02387846612777824
481,2016-09-07,포토JW중외제약휴브레인출시,http://www.edaily.co.kr/news/newspath.asp?newsid=02384566612777824
482,2016-09-07,포토JW중외제약피톤치드나오는휴브레인출시,http://www.edaily.co.kr/news/newspath.asp?newsid=02394406612777824
483,2016-09-07,포토JW중외제약피톤치드나오는휴브레인출시,http://www.edaily.co.kr/news/newspath.asp?newsid=02400966612777824
484,2016-09-07,포토JW중외제약신개념학습기휴브레인출시,http://www.edaily.co.kr/news/newspath.asp?newsid=02407526612777824
485,2016-09-07,포토JW중외제약신개념학습기휴브레인출시,http://www.edaily.co.kr/news/newspath.asp?newsid=02404246612777824
486,2016-09-07,JW중외제약수험생집중력높여주는휴브레인출시,http://news1.kr/photos/view/?2120712
487,2016-09-07,JW중외제약학습능률높여주는학습기휴브레인출시,http://news1.kr/photos/view/?2120715
488,2016-09-07,JW중외제약신개념학습기휴브레인출시,http://medipana.com/news/news_viewer.asp?NewsNum=187966&MainKind=A&NewsKind=5&vCount=12&vKind=1
489,2016-09-07,JW중외제약신개념학습기휴브레인출시,http://www.newsis.com/pict_detail/view.html?pict_id=NISI20160907_0012152999
490,2016-09-07,JW중외제약휴브레인출시,http://www.fnnews.com/news/201609071313089461
491,2016-09-07,JW중외제약학습도우미휴브레인출시,http://www.fnnews.com/news/201609071313173932
492,2016-09-07,수능D70JW중외제약휴브레인으로학습능률UP,http://www.etnews.com/20160907000198
493,2016-09-07,JW중외제약노르믹스제네릭경쟁포기,http://www.finomy.com/news/articleView.html?idxno=39235
494,2016-09-07,JW중외제약신개념학습기휴브레인출시,http://www.etoday.co.kr/news/section/newsview.php?idxno=1381014
495,2016-09-07,현금흐름좋아야주가상승유리제일약품321JW중외제약134↑,http://daily.hankooki.com/lpage/economy/201609/dh20160907135523138060.htm
496,2016-09-07,JW중외제약휴브레인집중력높이는신개념학습기,http://news.mtn.co.kr/newscenter/news_viewer.mtn?gidx=2016090714044428052
497,2016-09-07,JW중외제약집중력강화학습기휴브레인출시,http://www.bosa.co.kr/umap/sub.asp?news_pk=608838
498,2016-09-07,경향포토JW중외제약학습기뉴브레인,http://news.khan.co.kr/kh_news/khan_art_view.html?artid=201609071523001&code=920100
499,2016-09-07,경향포토JW중외제약피톤치드뉴브레인,http://news.khan.co.kr/kh_news/khan_art_view.html?artid=201609071523011&code=920100
500,2016-09-07,경향포토JW중외제약휴브레인,http://news.khan.co.kr/kh_news/khan_art_view.html?artid=201609071524011&code=920100
501,2016-09-07,JW중외제약휘산기휴브레인마케팅본격화,http://www.wowtv.co.kr/newscenter/news/view.asp?bcode=T30001000&artid=A201609070265
502,2016-09-07,JW중외제약집중력높이는학습기출시,http://www.newstomato.com/ReadNews.aspx?no=688139
503,2016-09-07,JW중외제약집중력높이는학습기휴브레인출시,http://www.kukinews.com/news/article.html?no=393734
504,2016-09-07,JW중외제약피톤치드내뿜는학습기휴브레인출시,http://www.enewstoday.co.kr/news/articleView.html?idxno=597330
505,2016-09-07,동영상JW중외제약신개념학습기휴브레인출시,http://www.segye.com/content/html/2016/09/07/20160907002914.html?OutUrl=naver
506,2016-09-07,JW중외제약신개념학습기휴브레인출시,http://www.fnnews.com/news/201609071715258563
507,2016-09-07,JW중외제약집중력향상학습기휴브레인선봬,http://www.dt.co.kr/contents.html?article_no=2016090802102022805001
508,2016-09-07,JW중외제약피톤치드휘산기휴브레인출시,http://biz.newdaily.co.kr/news/article.html?no=10112999
509,2016-09-07,JW중외제약피톤치드휘산기휴브레인출시,http://www.viva100.com/main/view.php?key=20160907020017705
510,2016-09-08,JW중외제약집중력높이는신개념학습기휴브레인출시,http://www.asiatoday.co.kr/view.php?key=20160908010004661
511,2016-09-08,JW중외제약18일까지채용,http://www.ekn.kr/news/article.html?no=237624
512,2016-09-09,JW중외제약689억규모제3자배정유증,http://www.mt.co.kr/view/mtview.php?type=1&no=2016090915281556326&outlink=1
513,2016-09-09,JW중외제약689억원규모제3자배정유상증자,http://www.etoday.co.kr/news/section/newsview.php?idxno=1382218
514,2016-09-09,JW중외제약689억원규모유상증자완료,http://app.yonhapnews.co.kr/YNA/Basic/SNS/r.aspx?c=AKR20160909155700008&did=1195m
515,2016-09-12,JW홀딩스JW중외제약지분512매입,http://view.asiae.co.kr/news/view.htm?idxno=2016091217153226815
516,2016-09-21,JW중외제약1200억투자연구소신약개발착수,http://www.dailian.co.kr/news/view/590595/?sc=naver
517,2016-09-21,JW중외제약쥬가이제약공동설립한CC신약연구소혁신신약개발본격화,http://www.g-enews.com/ko-kr/news/article/news_all/201609211453334563373_1/article.html
518,2016-09-21,JW중외제약면역항암글로벌신약개발가속도,http://www.ebn.co.kr/news/view/851825
519,2016-09-21,JW중외제약쥬가이제약합작바이오벤처혁신신약개발본격화,http://www.mhj21.com/sub_read.html?uid=100603§ion=sc243
520,2016-09-21,국내제약사최초혁신신약개발눈앞JW중외제약,http://www.edaily.co.kr/news/newspath.asp?newsid=03257046612782416
521,2016-09-21,JW중외제약일본쥬가이합작바이오벤처신약개발본격화,http://www.dt.co.kr/contents.html?article_no=2016092102109976029005
522,2016-09-21,JW중외제약CC신약연구소혁신신약개발본격화,http://www.metroseoul.co.kr/news/newsview?newscd=2016092100118
523,2016-09-21,JW중외제약합작CC신약연구소혁신신약개발가속,http://www.yakup.com/news/index.html?mode=view&cat=12&nid=199366
524,2016-09-21,JW중외제약아토피유방암치료제등신약개발본격화,http://news.khan.co.kr/kh_news/khan_art_view.html?artid=201609211834001&code=920509
525,2016-09-22,JW중외제약혁신신약개발집중,http://www.ajunews.com/view/20160921104201245
526,2016-09-22,JW중외제약이경하대표이사의열정혁신신약개발의꿈이무르익다,http://www.viva100.com/main/view.php?key=20160921010005628
527,2016-09-23,fnRASSIJW중외제약001060현재521↑,http://www.fnnews.com/news/201609231211350152
528,2016-09-23,특징주JW중외제약CC신약연구소통해신약개발가속화기대감이틀째↑,http://view.asiae.co.kr/news/view.htm?idxno=2016092314212556733
529,2016-09-26,fnRASSIJW중외제약00106052주신고가달성304↑,http://www.fnnews.com/news/201609261321487475
530,2016-09-27,fnRASSIJW중외제약2우B001067현재1578↑,http://www.fnnews.com/news/201609271109175702
531,2016-09-27,fnRASSIJW중외제약0010601765상승,http://www.fnnews.com/news/201609271242357482
532,2016-09-27,오늘장MVPJW중외제약001060,http://www.newstomato.com/ReadNews.aspx?no=692968
533,2016-09-28,JW중외제약프렌즈아이드롭멘톨포도당성분함유눈건조할때한방울,http://www.ajunews.com/view/20160927135024656
534,2016-09-28,JW중외제약오름세지속JW생명과학상장신약개발호재,http://www.mediapen.com/news/view/191185
535,2016-09-29,JW중외제약JW생명과학상장신약개발호재에상승세지속,http://www.mediapen.com/news/view/191645
536,2016-09-30,더벨JW중외제약항암제1상성공美후기임상곧진행,http://www.thebell.co.kr/front/free/contents/news/article_view.asp?key=201609300100050200002973
537,2016-10-01,제약주9월선방JW중외제약제일약품상승세,http://www.dailypharm.com/News/216907
538,2016-10-03,부고추주호JW중외제약OTC사업부장이사빙모상,http://www.m-i.kr/news/articleView.html?idxno=256765
539,2016-10-03,JW중외제약추주호OTC사업부장빙모상,http://www.medical-tribune.co.kr/news/articleView.html?idxno=69393
540,2016-10-03,부고추주호JW중외제약OTC사업부이사씨빙모상,http://www.ebn.co.kr/news/view/853732
541,2016-10-03,부고추주호JW중외제약OTC사업부장이사빙모상,http://view.asiae.co.kr/news/view.htm?idxno=2016100310455825030
542,2016-10-03,부고추주호JW중외제약OTC사업부장씨빙모상,http://www.dailian.co.kr/news/view/592005/?sc=naver
543,2016-10-03,부고추주호JW중외제약OTC사업부장씨빙모상,http://www.ceoscoredaily.com/news/article.html?no=23693
544,2016-10-03,추주호JW중외제약OTC사업부장빙모,http://www.dailypharm.com/Users/News/TodayFocus.html?nKind=3&ID=14553
545,2016-10-03,부음추주호JW중외제약OTC사업부장빙모,http://www.yakup.com/news/index.html?mode=view&cat=meet&cat2=35&nid=1700140350
546,2016-10-03,부고추주호JW중외제약OTC사업부장씨빙모상,http://www.ajunews.com/view/20161003131824057
547,2016-10-03,부음추주호JW중외제약이사빙모상,http://www.etnews.com/20161003000061
548,2016-10-03,부고추주호JW중외제약일반의약품사업부이사씨장모상,http://app.yonhapnews.co.kr/YNA/Basic/SNS/r.aspx?c=AKR20161003042500017&did=1195m
549,2016-10-03,부고추주호JW중외제약OTC사업부장빙모상,http://www.dt.co.kr/contents.html?article_no=2016100302109976029001
550,2016-10-03,부고추주호JW중외제약OTC사업부장빙모상,http://news.mtn.co.kr/newscenter/news_viewer.mtn?gidx=2016100314232117542
551,2016-10-03,부고추주호JW중외제약일반의약품사업부이사씨장모상,http://www.sportsworldi.com/content/html/2016/10/03/20161003001153.html?OutUrl=naver
552,2016-10-03,부고추주호JW중외제약일반의약품사업부이사씨장모상,http://www.viva100.com/main/view.php?key=20161003010000373
553,2016-10-03,부음추주호JW중외제약OTC사업부이사씨장모상,http://www.etoday.co.kr/news/section/newsview.php?idxno=1391717
554,2016-10-03,부고추주호JW중외제약OTC사업부장씨빙모상,http://www.newsis.com/ar_detail/view.html?ar_id=NISX20161003_0014425303&cID=10401&pID=10400
555,2016-10-03,부고추주호JW중외제약이사장모상,http://www.sedaily.com/NewsView/1L2JV21H7M
556,2016-10-03,부고추주호JW중외제약OTC사업부장씨빙모상,http://www.nextdaily.co.kr/news/article.html?id=20161003800010
557,2016-10-04,부고추주호JW중외제약OTC사업부장빙모상,http://news.heraldcorp.com/view.php?ud=20161004000050
558,2016-10-04,특징주JW중외제약신약기대에고공행진하더니한미약품사태에급락,http://news.mtn.co.kr/newscenter/news_viewer.mtn?gidx=2016100409264034843
559,2016-10-04,부고JW중외제약추주호OTC사업본부장빙모상,http://www.docdocdoc.co.kr/?p=223746
560,2016-10-04,fnRASSI장마감거래소하락종목JW중외제약1515↓,http://www.fnnews.com/news/201610041553214572
561,2016-10-16,JW중외제약프렌즈아이드롭건조해진수험생눈에영양공급,http://news.kmib.co.kr/article/view.asp?arcid=0923628461&code=14130000&cp=nv
562,2016-10-17,JW중외제약JapanTobacco신성빈혈치료제도입계약,http://www.kpanews.co.kr/article/show.asp?idx=177860&table=article&category=D
563,2016-10-17,JW중외제약日담배회사개발빈혈치료제도입,http://www.docdocdoc.co.kr/?p=226191
564,2016-10-17,JW중외제약신성빈혈치료제국내도입,http://www.fnnews.com/news/201610171300512877
565,2016-10-17,JW중외제약재팬토바코빈혈치료제도입,http://www.medical-tribune.co.kr/news/articleView.html?idxno=69615
566,2016-10-17,JW중외제약일본서신장병성빈혈치료제도입,http://app.yonhapnews.co.kr/YNA/Basic/SNS/r.aspx?c=AKR20161017081400017&did=1195m
567,2016-10-17,JW중외제약日서신성빈혈치료제국내도입,http://view.asiae.co.kr/news/view.htm?idxno=2016101713245826796
568,2016-10-17,JW중외제약신성빈혈치료제로시장공략나서,http://www.m-i.kr/news/articleView.html?idxno=260606
569,2016-10-17,JW중외제약신성빈혈치료제도입계약체결,http://stock.hankyung.com/news/app/newsview.php?aid=2016101797426
570,2016-10-17,JW중외제약JapanTobacco와신성빈혈치료제도입계약,http://www.yakup.com/news/index.html?mode=view&cat=12&nid=200157
571,2016-10-17,JW중외제약일본회사와신성빈혈치료제도입계약체결,http://www.asiatoday.co.kr/view.php?key=20161017010009673
572,2016-10-17,JW중외제약JapanTobacco와신성빈혈치료제도입계약체결,http://www.viva100.com/main/view.php?key=20161017010004470
573,2016-10-17,JW중외제약신성빈혈치료제국내도입,http://www.mt.co.kr/view/mtview.php?type=1&no=2016101713204391214&outlink=1
574,2016-10-17,신세계JW중외제약등상장사40준법지원인선임외면,http://daily.hankooki.com/lpage/economy/201610/dh20161017134111138060.htm
575,2016-10-17,JW중외제약日신성빈혈치료제JTZ951도입계약체결,http://www.mhj21.com/sub_read.html?uid=101388§ion=sc243
576,2016-10-17,JW중외제약日타바코와신성빈혈치료제도입계약체결,http://www.hankyung.com/news/app/newsview.php?aid=201610179813i
577,2016-10-17,JW중외제약일본빈혈치료제국내도입,http://www.kukinews.com/news/article.html?no=401517
578,2016-10-17,JW중외제약800억원신성빈혈치료제시장공략日담배회사와계약체결,http://www.etoday.co.kr/news/section/newsview.php?idxno=1398564
579,2016-10-17,JW중외제약일본타바코와신성빈혈치료제도입계약체결,http://www.moneyweek.co.kr/news/mwView.php?type=1&no=2016101714018055362&outlink=1
580,2016-10-17,JW중외제약신성빈혈치료제도입계약체결,https://cnbc.sbs.co.kr/article_hub/10000827972?division=NAVER
581,2016-10-17,JW중외제약신성빈혈치료제도입계약,http://www.bosa.co.kr/umap/sub.asp?news_pk=610375
582,2016-10-17,JW중외제약빈혈치료제도입계약체결,http://www.newstomato.com/ReadNews.aspx?no=698705
583,2016-10-17,JW중외제약JapanTobacco와신성빈혈치료제도입계약체결,http://www.g-enews.com/ko-kr/news/article/news_all/201610171435195735486_1/article.html
584,2016-10-17,JW중외제약日JapanTobacco신성빈혈치료제도입계약체결,http://www.ceoscoredaily.com/news/article.html?no=23989
585,2016-10-17,JW중외제약재팬타바코신성빈혈치료제도입계약체결,http://www.sportsseoul.com/news/read/447355
586,2016-10-17,JW중외제약신성빈혈치료제도입,http://www.metroseoul.co.kr/news/newsview?newscd=2016101700137
587,2016-10-17,JW중외제약신성빈혈치료제임상판매계약,http://www.dailymedi.com/detail.php?number=811374&thread=22r05
588,2016-10-17,JW중외제약日업체와빈혈치료제도입계약체결,http://www.newspim.com/news/view/20161017000296
589,2016-10-17,JW중외제약재팬타바코신성빈혈치료제도입,http://www.newsis.com/ar_detail/view.html?ar_id=NISX20161017_0014454673&cID=10401&pID=10400
590,2016-10-17,JW중외제약日서신장병성빈혈치료제도입,http://news.mk.co.kr/newsRead.php?no=724689&year=2016
591,2016-10-17,JW중외제약日서신성빈혈치료제도입,http://www.enewstoday.co.kr/news/articleView.html?idxno=621810
592,2016-10-17,JW중외제약日타바코와신성빈혈치료제국내도입계약800억시장개척예고,http://biz.newdaily.co.kr/news/article.html?no=10116018
593,2016-10-17,JW중외제약새로운기전빈혈치료제도입,http://medipana.com/news/news_viewer.asp?NewsNum=189803&MainKind=A&NewsKind=5&vCount=12&vKind=1
594,2016-10-18,JW중외제약日재팬토바코신성빈혈치료제도입,http://biz.chosun.com/site/data/html_dir/2016/10/18/2016101800329.html
595,2016-10-21,이경하JW그룹회장JW중외제약주식7000주장내매수,http://biz.chosun.com/site/data/html_dir/2016/10/21/2016102102613.html
596,2016-10-26,JW중외제약2017년달력첫선달력마케팅활발,https://cnbc.sbs.co.kr/article_hub/10000829657?division=NAVER
597,2016-10-31,로봇뉴스의약품업종급락세_JW중외제약약세흐름두드러져,http://www.etnews.com/20161031000306
598,2016-11-01,유가증권시장공시넥솔론JW중외제약화승엔터프라이즈,http://news.mk.co.kr/newsRead.php?no=762343&year=2016
599,2016-11-01,JW중외제약CWP291임상1상완료기술수출추진,http://www.mt.co.kr/view/mtview.php?type=1&no=2016110118004919926&outlink=1
600,2016-11-01,JW중외제약표적항암제신약후보물질임상1상완료,http://www.newsis.com/ar_detail/view.html?ar_id=NISX20161101_0014489151&cID=10401&pID=10400
601,2016-11-01,BioSJW중외제약차세대표적항암제임상1상성공적완료,http://www.etoday.co.kr/news/section/newsview.php?idxno=1406815
602,2016-11-01,JW중외제약표적항암신약후보물질CWP291임상1상완료,http://www.edaily.co.kr/news/newspath.asp?newsid=04004886612841456
603,2016-11-01,종합JW중외제약표적항암제임상1상완료기술수출추진,http://www.newsis.com/ar_detail/view.html?ar_id=NISX20161101_0014489245&cID=10401&pID=10400
604,2016-11-02,특징주JW중외제약표적항암신약후보물질임상1상완료강세,http://www.g-enews.com/ko-kr/news/article/news_all/201611020903167028561_1/article.html
605,2016-11-02,특징주JW중외제약표적항암신약후보물질임상1상완료에↑,http://www.viva100.com/main/view.php?key=20161102010000493
606,2016-11-02,특징주JW중외제약표적항암신약후보물질1상완료강세,http://www.edaily.co.kr/news/newspath.asp?newsid=01692486612841784
607,2016-11-02,특징주JW중외제약표적항암제임상1상완료소식에강세,http://www.newstomato.com/ReadNews.aspx?no=703718
608,2016-11-02,특징주JW중외제약표적항암신약후보물질임상1상완료소식에상승,http://biz.chosun.com/site/data/html_dir/2016/11/02/2016110200718.html
609,2016-11-02,특징주JW중외제약신약임상1차성공소식에강세,http://www.seoulfn.com/news/articleView.html?idxno=265080
610,2016-11-03,특징주JW중외제약우선주강세,http://app.yonhapnews.co.kr/YNA/Basic/SNS/r.aspx?c=AKR20161103047000008&did=1195m
611,2016-11-03,특징주JW중외제약우선주강세,http://www.cstimes.com/news/articleView.html?idxno=229842
612,2016-11-03,fnRASSIJW중외제약2우B001067현재1841,http://www.fnnews.com/news/201611030945198268
613,2016-11-11,더벨JW중외제약항암제AML이어MM美韓1상성공,http://www.thebell.co.kr/front/free/contents/news/article_view.asp?key=201611090100016510000995
614,2016-11-11,JW중외제약피부탄력개선하는리제스킨출시,http://biz.chosun.com/site/data/html_dir/2016/11/11/2016111100842.html
615,2016-11-11,특징주JW중외제약항암제1상성공소식에강세,http://www.mediapen.com/news/view/205396
616,2016-11-11,fnRASSIJW중외제약001060전일대비937상승,http://www.fnnews.com/news/201611111026480983
617,2016-11-16,집중력향상에효과적인JW중외제약휴브레인,http://news1.kr/articles/?2832703
618,2016-11-22,JW중외제약유형중홍보팀장결혼1210,http://medipana.com/news/news_viewer.asp?NewsNum=191639&MainKind=A&NewsKind=5&vCount=12&vKind=1
619,2016-11-22,JW중외제약해열콧물기침특화종합감기약화콜,http://www.ajunews.com/view/20161122143154939
620,2016-11-23,JW중외제약휴브레인인기,http://www.dt.co.kr/contents.html?article_no=2016112302109923811018
621,2016-11-25,JW중외제약비타민제흑색반점발견제조중지처분,http://www.rpm9.com/news/article.html?id=20161124090023
622,2016-11-25,JW중외제약짜먹는신개념숙취해소제헛겔출시,http://www.yakup.com/news/index.html?mode=view&cat=12&nid=201378
623,2016-11-25,JW중외제약숙취해소제헛겔출시‥겔타입,http://medipana.com/news/news_viewer.asp?NewsNum=191837&MainKind=A&NewsKind=5&vCount=12&vKind=1
624,2016-11-25,JW중외제약짜먹는숙취해소제헛겔출시,http://biz.chosun.com/site/data/html_dir/2016/11/25/2016112501324.html
625,2016-11-25,JW중외제약짜먹는숙취해소제헛겔출시,http://www.enewstoday.co.kr/news/articleView.html?idxno=647469
626,2016-11-25,화촉JW중외제약유형중부장1210,http://www.monews.co.kr/news/articleView.html?idxno=95214
627,2016-11-25,JW중외제약숙취해소제헛겔출시,http://www.bosa.co.kr/umap/sub.asp?news_pk=612087
628,2016-11-25,JW중외제약겔타입숙취해소제헛겔출시,http://www.moneyweek.co.kr/news/mwView.php?type=1&no=2016112513228098797&outlink=1
629,2016-11-25,JW중외제약숙취해소제헛겔출시,http://www.etnews.com/20161125000167
630,2016-11-25,JW중외제약짜먹는숙취해소제헛겔출시,http://www.edaily.co.kr/news/newspath.asp?newsid=02509206612849328
631,2016-11-25,JW중외제약짜먹는숙취해소제헛겔출시,http://www.m-i.kr/news/articleView.html?idxno=271210
632,2016-11-25,JW중외제약겔타입숙취해소제헛겔출시,http://www.fnnews.com/news/201611251354049612
633,2016-11-25,JW중외제약숙취해소제헛겔출시,http://news.heraldcorp.com/view.php?ud=20161125000522
634,2016-11-25,JW중외제약숙취해소제헛겔출시,http://www.metroseoul.co.kr/news/newsview?newscd=2016112500049
635,2016-11-25,JW중외제약짜먹는숙취해소제헛겔출시,http://www.rapportian.com/news/articleView.html?idxno=100632
636,2016-11-25,JW중외제약짜먹는숙취해소제헛겔출시,http://view.asiae.co.kr/news/view.htm?idxno=2016112514413130645
637,2016-11-25,JW중외제약숙취해소제헛겔출시,http://www.asiatoday.co.kr/view.php?key=20161125010017428
638,2016-11-25,JW중외제약숙취해소제헛겔출시,http://app.yonhapnews.co.kr/YNA/Basic/SNS/r.aspx?c=AKR20161125104300017&did=1195m
639,2016-11-25,제약계소식JW중외제약가볍게마시는숙취해소제헛겔출시외,http://health.chosun.com/site/data/html_dir/2016/11/25/2016112502032.html
640,2016-11-25,JW중외제약숙취해소제헛겔출시,http://www.newstomato.com/ReadNews.aspx?no=710925
641,2016-11-25,JW중외제약숙취해소제헛겔출시,http://www.newsis.com/ar_detail/view.html?ar_id=NISX20161125_0014541135&cID=10434&pID=13000
642,2016-11-25,JW중외제약숙취해소제헛겔출시,http://www.mdtoday.co.kr/mdtoday/index.html?no=275901
643,2016-11-25,JW중외제약짜먹는숙취해소제헛겔출시,http://www.viva100.com/main/view.php?key=20161125020018441
644,2016-11-27,JW중외제약짜먹는숙취해소제헛겔출시,http://www.dailymedi.com/detail.php?number=812968&thread=22r05
645,2016-11-28,감기약초기증상따라선택하세요”JW중외제약화콜C리뉴얼,http://www.etoday.co.kr/news/section/newsview.php?idxno=1419395
646,2016-11-29,JW중외제약눈에좋은오메가루테인출시,http://view.asiae.co.kr/news/view.htm?idxno=2016112910013518622
647,2016-11-29,하루한알로간편하게눈건강챙기세요”JW중외제약오메가루테인출시,http://biz.chosun.com/site/data/html_dir/2016/11/29/2016112900927.html
648,2016-11-29,JW중외제약눈에좋은오메가루테인출시,http://www.bosa.co.kr/umap/sub.asp?news_pk=613183
649,2016-11-29,JW중외제약눈에좋은오메가루테인출시,http://www.enewstoday.co.kr/news/articleView.html?idxno=649397
650,2016-11-29,JW중외제약눈에좋은오메가루테인출시,http://app.yonhapnews.co.kr/YNA/Basic/SNS/r.aspx?c=AKR20161129067900017&did=1195m
651,2016-11-29,JW중외제약눈에좋은오메가루테인출시,http://www.fnnews.com/news/201611291045297280
652,2016-11-29,JW중외제약눈에좋은오메가루테인출시,http://www.yakup.com/news/index.html?mode=view&cat=12&nid=201456
653,2016-11-29,JW중외제약눈에좋은오메가루테인출시,http://stock.hankyung.com/news/app/newsview.php?aid=2016112944096
654,2016-11-29,JW중외제약눈에좋은오메가루테인출시,http://www.ebn.co.kr/news/view/864060
655,2016-11-29,JW중외제약오메가3와루테인이함유오메가루테인선봬,http://www.g-enews.com/ko-kr/news/article/news_all/201611291059037538716_1/article.html
656,2016-11-29,JW중외제약눈에좋은건강기능식품오메가루테인출시,http://www.hankyung.com/news/app/newsview.php?aid=201611294616i
657,2016-11-29,JW중외제약눈에좋은오메가루테인출시,http://www.asiatoday.co.kr/view.php?key=20161129010019482
658,2016-11-29,JW중외제약겨울철눈건강위한눈에좋은오메가루테인,http://www.newsprime.co.kr/news/article.html?no=356208
659,2016-11-29,JW중외제약눈건강건기식오메가루테인출시,http://www.dailymedi.com/detail.php?number=813045&thread=22r05
660,2016-11-29,JW중외제약눈에좋은오메가루테인출시,http://medipana.com/news/news_viewer.asp?NewsNum=191989&MainKind=A&NewsKind=5&vCount=12&vKind=1
661,2016-11-29,JW중외제약눈에좋은오메가루테인출시,http://www.newsis.com/ar_detail/view.html?ar_id=NISX20161129_0014547681&cID=10401&pID=10400
662,2016-11-29,JW중외제약하루1캡슐로눈건강챙길수있는오메가루테인출시,http://www.moneyweek.co.kr/news/mwView.php?type=1&no=2016112914048013701&outlink=1
663,2016-11-29,JW중외제약대신증권과유동성공급계약체결,http://www.newstomato.com/ReadNews.aspx?no=711707
664,2016-11-29,JW중외제약오메가루테인출시,http://www.newstomato.com/ReadNews.aspx?no=711695
665,2016-11-29,JW중외제약눈에좋은오메가루테인출시,http://www.ceoscoredaily.com/news/article.html?no=25055
666,2016-11-29,JW중외제약눈에좋은오메가루테인출시,http://www.etnews.com/20161129000349
667,2016-11-29,JW중외제약눈에좋은오메가루테인출시,http://www.ajunews.com/view/20161129165123117
668,2016-11-29,JW중외제약눈에좋은오메가루테인출시,http://news.heraldcorp.com/view.php?ud=20161129000895
669,2016-11-29,JW중외제약건기식눈에좋은오메가루테인출시,http://www.viva100.com/main/view.php?key=20161129020018467
670,2016-11-30,활기찬겨울나려면JW중외제약화콜감기약대표초기증상별3종특화,http://news.heraldcorp.com/view.php?ud=20161130000433
671,2016-11-30,fnRASSIJW중외제약2우B001067현재1146,http://www.fnnews.com/news/201611301145086188
672,2016-11-30,로봇뉴스JW중외제약지분변동JW홀딩스주외8명046p증가4405보유,http://www.etnews.com/20161130000494
673,2016-12-01,JW중외제약주가부양나선JW홀딩스3일간45억투입,http://www.newspim.com/news/view/20161201000216
674,2016-12-02,JW중외제약해외연사초청엘란쎄학술교류세미나성료,http://www.etoday.co.kr/news/section/newsview.php?idxno=1422062
675,2016-12-02,JW중외제약엘란쎄글로벌및한국임상경험에대한학술교류종료,http://biz.chosun.com/site/data/html_dir/2016/12/02/2016120202057.html
676,2016-12-05,JW중외제약위너프3챔버영양수액제시장평정,http://medipana.com/news/news_viewer.asp?NewsNum=192203&MainKind=A&NewsKind=5&vCount=12&vKind=1
677,2016-12-05,fnRASSIJW중외제약2우B001067전일대비976상승,http://www.fnnews.com/news/201612050919208414
678,2016-12-05,JW중외제약닥터프랑코와엘란쎄글로벌미팅,http://www.newstomato.com/ReadNews.aspx?no=713250
679,2016-12-05,숙취해소음료3강체제에JW중외제약출사표,https://news.naver.com/main/read.nhn?mode=LSD&mid=sec&sid1=101&oid=050&aid=0000042777
680,2016-12-06,JW중외제약美서CWP291다발골수종임상결과공개,http://stock.hankyung.com/news/app/newsview.php?aid=2016120628966
681,2016-12-06,JW중외제약CWP291다발골수종임상결과공개,http://www.enewstoday.co.kr/news/articleView.html?idxno=654022
682,2016-12-06,JW중외제약미혈액학회서CWP291다발골수종임상데이터공개,http://www.fnnews.com/news/201612061415208544
683,2016-12-06,JW중외제약美혈액학회서CWP291임상데이터공개,http://view.asiae.co.kr/news/view.htm?idxno=2016120614243902167
684,2016-12-06,JW중외제약美학회서CWP291다발골수종임상데이터공개,http://www.newsis.com/ar_detail/view.html?ar_id=NISX20161206_0014563136&cID=10401&pID=10400
685,2016-12-06,JW중외제약미혈액학회서CWP291다발골수종임상데이터공개,http://www.asiatoday.co.kr/view.php?key=20161206010003543
686,2016-12-06,JW중외제약美혈액학회서CWP291다발골수종임상공개,http://www.kpanews.co.kr/article/show.asp?idx=179304&table=article&category=D
687,2016-12-06,JW중외제약CWP291다발골수종임상데이터공개,http://news.heraldcorp.com/view.php?ud=20161206000691
688,2016-12-06,JW중외제약美혈액학회서CWP291임상1상중간결과발표다발성골수종환자대상안전성유효성확인”,http://biz.chosun.com/site/data/html_dir/2016/12/06/2016120601929.html
689,2016-12-06,JW중외제약CWP291다발골수종임상데이터공개,http://medipana.com/news/news_viewer.asp?NewsNum=192302&MainKind=A&NewsKind=5&vCount=12&vKind=1
690,2016-12-06,JW중외제약美혈액학회서CWP291다발골수종임상데이터공개,http://www.etoday.co.kr/news/section/newsview.php?idxno=1423473
691,2016-12-06,JW중외제약Wnt표적항암후보물질안전성유효성확인,http://www.wowtv.co.kr/newscenter/news/view.asp?bcode=T30001000&artid=A201612060360
692,2016-12-06,JW중외제약표적항암신약CWP291임상중간결과발표,http://www.mt.co.kr/view/mtview.php?type=1&no=2016120615214390442&outlink=1
693,2016-12-06,JW중외제약美혈액학회서다발골수종치료제임상1상결과발표,http://www.ebn.co.kr/news/view/865483
694,2016-12-06,JW중외제약미국학회서표적항암제임상공개,http://www.newstomato.com/ReadNews.aspx?no=713837
695,2016-12-06,JW중외제약미혈액학회서다발골수종임상데이터공개,http://www.etnews.com/20161206000481
696,2016-12-06,JW중외제약다발골수종신약기술수출추진,http://www.hankyung.com/news/app/newsview.php?aid=201612063667i
697,2016-12-06,JW중외제약다발성골수종표적항암제임상1상유효성확인,http://app.yonhapnews.co.kr/YNA/Basic/SNS/r.aspx?c=AKR20161206153900017&did=1195m
698,2016-12-06,JW중외제약美혈액학회서CWP291다발골수종임상데이터공개,http://www.yakup.com/news/index.html?mode=view&cat=12&nid=201690
699,2016-12-06,JW중외제약다발성골수종표적항암제유효성확인,http://www.dt.co.kr/contents.html?article_no=2016120602109976029014
700,2016-12-06,JW중외제약항암제CWP291안전성유효성입증,http://www.ajunews.com/view/20161206174038768
701,2016-12-06,JW중외제약표적항암제기술수출청신호되나,http://www.doctorsnews.co.kr/news/articleView.html?idxno=114270
702,2016-12-07,JW중외제약CWP291다발성골수종에안전성확인,http://www.seoulfn.com/news/articleView.html?idxno=267757
703,2016-12-07,JW중외제약美혈액학회서CWP291다발골수종임상데이터처음공개,http://www.kukinews.com/news/article.html?no=414450
704,2016-12-07,JW중외제약표적항암제미국서임상결과발표,http://www.kormedi.com/news/news/drug_dist/1220975_2906.html
705,2016-12-07,JW중외제약CP전문가이세찬상무영입,http://www.rapportian.com/news/articleView.html?idxno=100838
706,2016-12-07,JW중외제약Wnt표적항암제CWP291임상1상첫공개,http://www.mhj21.com/sub_read.html?uid=103166§ion=sc243
707,2016-12-10,원료의약품연구회회장에JW중외제약편도규상무,http://medipana.com/news/news_viewer.asp?NewsNum=192496&MainKind=A&NewsKind=5&vCount=12&vKind=1
708,2016-12-11,원료의약품연JW중외제약편도규상무신임회장선출,http://www.yakup.com/news/index.html?mode=view&cat=12&nid=201819
709,2016-12-12,JW중외제약신약명가로도약편도규상무의약품개발연구회회장선출,http://www.sisaweek.com/news/articleView.html?idxno=83812
710,2016-12-13,JW중외제약영업사원대학병원서몰카찍다덜미,http://www.m-i.kr/news/articleView.html?idxno=275643
711,2016-12-13,JW중외제약몰카구설수영업사원잘못뽑았다가,http://www.tfnews.co.kr/news/article.html?no=29406
712,2016-12-13,JW중외제약B형간염치료제엔테칸출시,http://medipana.com/news/news_viewer.asp?NewsNum=192617&MainKind=A&NewsKind=5&vCount=12&vKind=1
713,2016-12-13,JW중외제약B형간염치료제제네릭출시,http://www.docdocdoc.co.kr/?p=235351
714,2016-12-13,JW중외제약B형간염치료제엔테칸출시,http://www.bosa.co.kr/news/articleView.html?idxno=2050049
715,2016-12-13,오마이스탁표적항암제임상1상안전성확인JW중외제약실적대비저평가시점벽산,http://news.mtn.co.kr/newscenter/news_viewer.mtn?gidx=2016121313520118638
716,2016-12-13,JW중외제약B형간염치료제엔테칸,http://www.medical-tribune.co.kr/news/articleView.html?idxno=70456
717,2016-12-13,JW중외제약리제스킨출시,http://www.mdtoday.co.kr/mdtoday/index.html?no=276600
718,2016-12-13,JW중외제약B형간염치료제엔테칸출시,http://www.dailymedi.com/detail.php?number=813629&thread=22r05
719,2016-12-13,JW중외제약B형간염약엔테칸출시내성발현율낮아장기복용적합,http://www.rapportian.com/news/articleView.html?idxno=100932
720,2016-12-13,JW중외제약영업사원몰카사건에신인도추락전전긍긍,http://www.sisaweek.com/news/articleView.html?idxno=83918
721,2016-12-13,JW중외제약몰카범병원환풍구서현장검거기본권짓밟히는여성들,http://www.ilemonde.com/news/articleView.html?idxno=6738
722,2016-12-14,JW중외제약B형간염치료제엔테칸출시,http://www.yakup.com/news/index.html?mode=view&cat=12&nid=201891
723,2016-12-14,JW중외제약B형간염치료제엔테칸출시,http://www.monews.co.kr/news/articleView.html?idxno=95589
724,2016-12-14,JW중외제약키바이오틱스알파앤베타출시,http://medipana.com/news/news_viewer.asp?NewsNum=192659&MainKind=A&NewsKind=5&vCount=12&vKind=1
725,2016-12-14,JW중외제약복합기능성키바이오틱스알파앤베타출시,http://www.fnnews.com/news/201612141110244169
726,2016-12-14,JW중외제약복합기능성키바이오틱스알파앤베타출시,http://www.yakup.com/news/index.html?mode=view&cat=12&nid=201914
727,2016-12-14,JW중외제약복합기능성키바이오틱스알파앤베타출시,http://news.heraldcorp.com/view.php?ud=20161214000507
728,2016-12-14,JW중외제약복합기능성키바이오틱스알파앤베타출시,http://www.betanews.net:8080/article/658265.html
729,2016-12-14,JW중외제약복합기능성키바이오틱스알파앤베타출시,http://www.asiatoday.co.kr/view.php?key=20161214010009259
730,2016-12-14,JW중외제약B형간염시장공략엔테칸출시,http://www.kormedi.com/news/news/drug_dist/1221077_2906.html
731,2016-12-14,JW중외제약키바이오틱스알파앤베타출시,http://www.mdtoday.co.kr/mdtoday/index.html?no=276646
732,2016-12-14,JW중외제약키바이오틱스알파앤베타출시,http://www.m-i.kr/news/articleView.html?idxno=276123
733,2016-12-14,JW중외제약키바이오틱스알파앤베타출시,http://www.newsis.com/ar_detail/view.html?ar_id=NISX20161214_0014581279&cID=10434&pID=13000
734,2016-12-14,의료바이오JW중외제약키바이오틱스알파앤베타출시,http://www.etnews.com/20161214000233
735,2016-12-14,JW중외제약유산균키바이오틱스알파앤베타출시,http://app.yonhapnews.co.kr/YNA/Basic/SNS/r.aspx?c=AKR20161214110300017&did=1195m
736,2016-12-14,JW중외제약복합유산균키바이오틱스알파앤베타출시,http://www.joseilbo.com/news/news_read.php?uid=311418&class=27&grp=
737,2016-12-14,JW중외제약장건강증진에유익한키바이오틱스알파앤베타출시,http://www.moneyweek.co.kr/news/mwView.php?type=1&no=2016121414558031908&outlink=1
738,2016-12-14,JW중외제약복합기능성키바이오틱스알파앤베타출시,http://www.g-enews.com/ko-kr/news/article/news_all/201612141509235585367_1/article.html
739,2016-12-14,JW중외제약장기능개선제키바이오틱스알파앤베타출시,http://www.seoulfn.com/news/articleView.html?idxno=268388
740,2016-12-14,JW중외제약프로바이오틱스건기식출시,http://www.edaily.co.kr/news/newspath.asp?newsid=04237766612878520
741,2016-12-14,JW중외제약건강기능식품키바이오틱스출시,http://www.ajunews.com/view/20161214160226158
742,2016-12-14,JW중외제약복합기능성키바이오틱스알파앤베타출시,http://view.asiae.co.kr/news/view.htm?idxno=2016121411185271089
743,2016-12-14,JW중외제약유산균건강기능식품키바이오틱스알파앤베타출시,http://www.hankyung.com/news/app/newsview.php?aid=201612145719i
744,2016-12-14,JW중외제약복합기능성키바이오틱스알파앤베타출시,http://www.dt.co.kr/contents.html?article_no=2016121402109976029005
745,2016-12-14,JW중외제약복합기능성키바이오틱스알파앤베타출시,http://www.newscj.com/news/articleView.html?idxno=393508
746,2016-12-14,JW중외제약프로바이오틱스건기식키바이오틱스알파앤베타출시,http://www.viva100.com/main/view.php?key=20161214020018610
747,2016-12-15,복합기능성건강식품키바이오틱스알파앤베타JW중외제약,http://www.bosa.co.kr/news/articleView.html?idxno=2050246
748,2016-12-15,JW중외제약복합기능성키바이오틱스알파앤베타출시,http://www.bosa.co.kr/news/articleView.html?idxno=2050240
749,2016-12-15,fnRASSIJW중외제약2우B001067현재78↑,http://www.fnnews.com/news/201612151039029399
750,2016-12-15,JW중외제약영업사원병원샤워실몰카찍다검거,http://www.sisaon.co.kr/news/articleView.html?idxno=50271
751,2016-12-16,JW중외제약주당002주무상증자결정,http://app.yonhapnews.co.kr/YNA/Basic/SNS/r.aspx?c=AKR20161216106100008&did=1195m
752,2016-12-16,JW중외제약주당002주무상증자결정,http://www.newsis.com/ar_detail/view.html?ar_id=NISX20161216_0014586545&cID=10424&pID=10400
753,2016-12-16,JW중외제약1주당002주무상증자결정,http://biz.chosun.com/site/data/html_dir/2016/12/16/2016121601625.html
754,2016-12-16,JW중외제약주당002주무상증자결정,http://www.edaily.co.kr/news/newspath.asp?newsid=02633846612879176
755,2016-12-16,JW중외제약주당002주무상증자결정,http://www.newstomato.com/ReadNews.aspx?no=717004
756,2016-12-16,JW중외제약주당002주무상증자결정현금배당병행예정,http://stock.hankyung.com/news/app/newsview.php?aid=2016121618436
757,2016-12-16,JW중외제약주당002주무증결정,http://www.mt.co.kr/view/mtview.php?type=1&no=2016121614532280484&outlink=1
758,2016-12-16,JW중외제약보통주기타주1주당002주배정무상증자,http://www.newspim.com/news/view/20161216000280
759,2016-12-16,JW중외제약주당002주무상증자결정,http://www.sedaily.com/NewsView/1L59P2SZVG
760,2016-12-16,JW중외제약무상증자JW그룹현금배당병행예정”,http://www.newspim.com/news/view/20161216000281
761,2016-12-16,공시JW중외제약주당002주무상증자결정,http://www.newsway.co.kr/view.php?tp=1&ud=2016121616403677839
762,2016-12-19,유한양행보령제약JW중외제약무상증자행진,http://biz.chosun.com/site/data/html_dir/2016/12/19/2016121902236.html
763,2016-12-20,숙취해소제연말연시특수앞두고경쟁치열CJ헬스케어동아제약한독JW중외제약각축전,http://biz.newdaily.co.kr/news/article.html?no=10121515
764,2016-12-30,JW중외제약무상증자로전환가액하향조정,http://www.mt.co.kr/view/mtview.php?type=1&no=2016123015293122580&outlink=1
